signal,name,rho,rho_lo,rho_hi,tau,rho_within,auroc,auprc,auroc_within
ks_mean,KS (mean),0.2211448723113587,0.17597702007261726,0.26306104431266164,0.1454593322216581,0.30167187654858535,0.6366108237005902,0.8128640075262978,0.6124345098643696
ks_max,KS (max),0.34587444557661207,0.2974310258793116,0.387086516483821,0.24020751284394942,0.2763044316068329,0.6203358661385499,0.8034283011645148,0.5756605711594086
wass_mean,Wasserstein (mean),0.30551757504158666,0.2642825060233643,0.34322646976792653,0.20240245043372013,0.27419066201276837,0.6451802602861532,0.815602672006497,0.6031328049960092
psi_mean,PSI (mean),0.2263306480879068,0.17342041394782878,0.27062318204551117,0.14627142957231448,0.2152711648061937,0.6465625252606904,0.7983220731609332,0.5889117779439265
mmd,MMD$^2$,0.3266733801927056,0.28423353953043395,0.3686623267730032,0.21885694158235844,0.2608813107439863,0.6344919569962008,0.819707327363732,0.5949800332411354
dc_auc,Domain-clf. AUC,0.3971244152595685,0.353803379396936,0.43784339902271385,0.2713346876210703,0.2922659024395103,0.6582935898472233,0.8055029991569611,0.5501959361464805
iws_wass,IWS-Wass. (ours),0.4170957915679428,0.3724607072694979,0.4603425105886768,0.2945524078074048,0.3628423074195331,0.6868017945194407,0.8380260197225192,0.6794334205101438
iws_ks,IWS-KS (ours),0.3965254265971519,0.35032097771675996,0.4394665153333727,0.27512726905849766,0.3388969386238331,0.6987511114703742,0.8616948912454677,0.6783233285449701
conf_drop,Confidence drop (DoC),0.06580350916432534,0.01609255390351631,0.11679839505943136,0.06518501406126587,0.07409119766049178,0.5990562606094899,0.8212709839997261,0.6094835260828757
pred_shift,Prediction shift,0.2795493657130254,0.227362713847111,0.32776255836715834,0.19654904842689203,0.2721448508778214,0.6027443213968151,0.8116225141091964,0.6223465326844206
atc_drop,ATC drop,0.07032069665254524,0.022941855245545116,0.11959743630988846,0.059997357934812895,0.08081158128154727,0.5832844959987067,0.7950247189362574,0.6076795673469176
iw_drop,Importance-wtd. drop,0.1239095843182285,0.07441043341382368,0.17308786298163076,0.08599294177786743,0.1779402766111911,0.6235459946649422,0.7903755112990163,0.5928158771453063
disagree_inc,Disagreement incr.,0.24501117370751102,0.1951154629304527,0.29565196528274645,0.17652206072728469,0.2912915783894569,0.6282293266510387,0.8207768297934347,0.6612979029110091
