attr,magnitude,delta,delta_sd,dc_auc,ks_mean,iws_ks,iws_wass,wass_mean,iw_drop,atc_drop,conf_drop,cov_part,yx_part
concept,0.0,-0.0008518518518518112,0.006792788478131917,0.5015921851851852,0.024411111111111064,0.025105751868404035,0.037246233366230515,0.035869008259623865,0.002591906326691833,-0.004999999999999911,-0.00036032969630941117,0.002591906326691833,-0.003443758178543657
concept,0.25,0.012740740740740768,0.008517592542265064,0.5006898888888889,0.024866666666666634,0.024833675572030922,0.039018343003080456,0.04043301723068007,0.0007750622551620001,-0.002259259259259211,0.00046736723056007467,0.0007750622551620001,0.011965678485578711
concept,0.5,0.053,0.0092361006683316,0.5006367407407407,0.021222222222222167,0.022005973024168256,0.03157607410187138,0.03111522056886203,2.3018823400334835e-06,-0.0006296296296296333,0.0018200227871965555,2.3018823400334835e-06,0.05299769811765998
concept,1.0,0.11999999999999998,0.009108908947959843,0.5042917407407407,0.0239222222222222,0.021479128652962812,0.03259946455738711,0.03507175406023357,0.0003113629408912778,-0.006703703703703678,-0.001098625399834989,0.0003113629408912778,0.11968863705910866
concept,1.5,0.2114444444444444,0.008624899355290386,0.5007458888888889,0.021944444444444433,0.022059507504458755,0.03229241126956803,0.032761464419829765,0.001570457029716578,-0.0047407407407407,8.007566782803336e-05,0.001570457029716578,0.20987398741472785
concept,2.0,0.28844444444444445,0.010148891565092225,0.5027314444444444,0.0215444444444444,0.026633149240312046,0.03650869210944967,0.0325612035854524,-0.0030528601272069443,-0.011888888888888845,-0.0032703855134917667,-0.0030528601272069443,0.2914973045716514
important,0.0,-0.003999999999999956,0.00891783481444783,0.5034406296296297,0.0232333333333333,0.020767706238069943,0.03262411743617774,0.036210829388794934,-0.0009096973130446286,-0.005962962962962933,-0.0010971175345827556,-0.0009096973130446286,-0.003090302686955333
important,0.25,-0.002740740740740711,0.006045608548032976,0.579320074074074,0.04958888888888887,0.11122545344892254,0.2487564061538355,0.10021688679542977,-0.00792478844300291,-0.003592592592592556,-0.002613544312562189,-0.00792478844300291,0.005184047702262211
important,0.5,-0.020962962962962912,0.009233761188108152,0.6954756666666666,0.07781111111111111,0.20325034980500023,0.48892605671823297,0.17283366481232407,-0.015515347704671612,-0.0194444444444444,-0.014602044833299778,-0.015515347704671612,-0.005447615258291266
important,1.0,-0.0633703703703703,0.012805645938461447,0.868215962962963,0.13098888888888888,0.3814580899418707,0.9870645375702592,0.32045345431814615,-0.04924788419114515,-0.07244444444444437,-0.05763376367987954,-0.04924788419114515,-0.014122486179225156
important,1.5,-0.08748148148148138,0.021874078463834202,0.9568903333333333,0.17928888888888886,0.5399632594289729,1.4694081770053429,0.46944397412363376,-0.06795880777009683,-0.10648148148148141,-0.09170044334147504,-0.06795880777009683,-0.019522673711384567
important,2.0,-0.11022222222222212,0.033562959080245335,0.9894639259259258,0.22139999999999996,0.6801615026423257,1.9849621953782741,0.6235492755550521,-0.07342290460764074,-0.126111111111111,-0.10854131204237925,-0.07342290460764074,-0.036799317614581335
irrelevant,0.0,-0.0012962962962962557,0.0065942829709707065,0.5,0.022144444444444397,0.02159025051473062,0.03395864559547963,0.03423211533687633,0.003964872882919041,-0.005074074074074022,-0.0012165644826963667,0.003964872882919041,-0.005261169179215316
irrelevant,0.25,-0.0035925925925925552,0.004841308873118732,0.6512385555555555,0.08518888888888883,0.024094558528282677,0.037500548001928945,0.19268051273664458,0.0072446772200843385,-0.0035185185185184886,-0.0003433425967562111,0.0072446772200843385,-0.010837269812676912
irrelevant,0.5,-0.0046666666666666445,0.008959786703810398,0.7978704074074074,0.14991111111111108,0.025493612799772133,0.039981556074532736,0.35760352218511077,0.012168168747157378,-0.007333333333333289,-0.0017152298955122665,0.012168168747157378,-0.016834835413824002
irrelevant,1.0,0.004185185185185234,0.00792869456662723,0.9620934074074073,0.28117777777777775,0.026115519698328944,0.04561439635925079,0.7188497527103046,0.019059052776073847,3.703703703710008e-05,0.0009729453381598444,0.019059052776073847,-0.014873867590888604
irrelevant,1.5,0.0025185185185185553,0.009492849810824164,0.9957501481481482,0.39317777777777774,0.0270698446306159,0.04723081977792994,1.0638808570572842,0.06529716101769,-0.00029629629629626675,-0.000653466545112598,0.06529716101769,-0.06277864249917142
irrelevant,2.0,0.0101851851851852,0.012250976277549711,0.9996937777777778,0.4887111111111111,0.028975360395320178,0.053930697191777205,1.4149757037405681,0.03953350555261941,0.0004074074074074223,-0.0007742957071155889,0.03953350555261941,-0.02934832036743421
prior,0.0,0.0008518518518518889,0.004737882529590364,0.5056647777777779,0.025677777777777733,0.032773399004798746,0.04854201456542118,0.039763949143696235,0.0032553243840275892,0.003296296296296344,0.002830915935738044,0.0032553243840275892,-0.0024034725321757117
prior,0.25,0.002481481481481511,0.011063090676146631,0.5110121111111111,0.030177777777777734,0.05343970935716588,0.08189857243218832,0.04554476905095767,0.0017836669281517889,-0.005037037037036978,-0.00025117179986006665,0.0017836669281517889,0.0006978145533297446
prior,0.5,0.004925925925925944,0.006127755112278034,0.5254229259259259,0.0322333333333333,0.0710950210756904,0.11574313704685053,0.050575260080352534,0.006343952086285996,0.0032592592592592664,0.003716801327268378,0.006343952086285996,-0.0014180261603600444
prior,1.0,0.008555555555555566,0.008621678104251716,0.5764536666666666,0.0418666666666666,0.11203142751748299,0.20598328100806076,0.07202562575559707,0.005042728372011122,0.008111111111111166,0.005530500705810589,0.005042728372011122,0.0035128271835444
prior,1.5,0.004814814814814822,0.013941456076424172,0.624072962962963,0.050222222222222196,0.14439050830242117,0.26579351267922935,0.08663210612527897,0.004687050756102278,0.0032592592592592664,0.0051824247093400005,0.004687050756102278,0.0001277640587125446
prior,2.0,0.015111111111111122,0.022864334186190025,0.673234,0.058722222222222197,0.18338408994001096,0.3430469899168544,0.10355656254877373,0.010808193564045289,0.011592592592592623,0.009745605647204466,0.010808193564045289,0.004302917547065788
spread,0.0,-0.005740740740740667,0.004754465087852149,0.5008026666666666,0.024355555555555502,0.02541203608508499,0.03449329625448898,0.037072535689913005,0.0020768836519716224,-0.008370370370370323,-0.002968523704990789,0.0020768836519716224,-0.007817624392712311
spread,0.25,0.01637037037037041,0.021757147257628274,0.574767925925926,0.031999999999999966,0.048815596928281704,0.13205951619737866,0.0675749329377062,0.018141046809424854,-0.00774074074074071,-0.003227388859919111,0.018141046809424854,-0.0017706764390544776
spread,0.5,0.0355185185185185,0.045200513489927124,0.6617401111111111,0.039666666666666635,0.07374594552813735,0.2488332358866106,0.10708876217138263,0.040256791860085496,-0.009777777777777712,-0.00673944900397389,0.040256791860085496,-0.004738273341566978
spread,1.0,0.07807407407407409,0.06892382626610695,0.7777465925925926,0.05588888888888886,0.10976576981135765,0.4742353171507296,0.19128773668484642,0.06822215246742444,-0.01385185185185183,-0.012928133772652277,0.06822215246742444,0.00985192160664959
spread,1.5,0.10414814814814813,0.06841359333558222,0.8343264074074075,0.059755555555555465,0.12652703574515445,0.6723253795109733,0.26156423425335973,0.0765205070040037,-0.02592592592592591,-0.0212377259780545,0.0765205070040037,0.0276276411441444
spread,2.0,0.13562962962962963,0.07020118795379078,0.8866896666666667,0.0668555555555555,0.144790194399543,0.9026438296268103,0.34609077416563916,0.1069999714080383,-0.032333333333333256,-0.029187346022294954,0.1069999714080383,0.02862965822159132
