tau,signal,auroc,base_rate
0.01,dc_auc,0.6864585540874211,0.7874116891457932
0.01,ks_mean,0.6685053942031414,0.7874116891457932
0.01,iws_ks,0.7072418840529711,0.7874116891457932
0.01,iw_drop,0.6460833501722498,0.7874116891457932
0.01,atc_drop,0.6011825847818909,0.7874116891457932
0.02,dc_auc,0.6582935898472233,0.714193962748876
0.02,ks_mean,0.6366108237005902,0.714193962748876
0.02,iws_ks,0.6987511114703742,0.714193962748876
0.02,iw_drop,0.6235459946649422,0.714193962748876
0.02,atc_drop,0.5832844959987067,0.714193962748876
0.05,dc_auc,0.6584395542728876,0.5549132947976878
0.05,ks_mean,0.6191753848003848,0.5549132947976878
0.05,iws_ks,0.7112694404361071,0.5549132947976878
0.05,iw_drop,0.5750886844636844,0.5549132947976878
0.05,atc_drop,0.5299898789482123,0.5549132947976878
0.1,dc_auc,0.6802557826589106,0.371868978805395
0.1,ks_mean,0.6055315384044841,0.371868978805395
0.1,iws_ks,0.7051082361168505,0.371868978805395
0.1,iw_drop,0.4991788253493966,0.371868978805395
0.1,atc_drop,0.49437716110210467,0.371868978805395
