dataset,attr,source,target,n,delta,ks_mean,dc_auc,iws_ks,atc_drop
adult,sex,Male,Female,100,-0.08839999999999992,0.08202173913043477,0.905626,0.09479204339963841,-0.1167999999999999
adult,sex,Male,Female,300,-0.08839999999999992,0.08191884057971016,0.928555,0.0995402049427366,-0.1267999999999999
adult,sex,Male,Female,1000,-0.08839999999999992,0.07955217391304348,0.9269543,0.1008240506329114,-0.12179999999999991
adult,sex,Male,Female,5000,-0.08839999999999992,0.07899130434782609,0.9323460499999999,0.09534520795660041,-0.12719999999999998
adult,sex,Female,Male,100,0.12522477538796628,0.09512843428544372,0.8530914783555676,0.1933510308016488,0.12302477538796619
adult,sex,Female,Male,300,0.12522477538796628,0.0823662290825728,0.9046496959796715,0.16491175441044972,0.10302477538796628
adult,sex,Female,Male,1000,0.12522477538796628,0.08362146805715029,0.9257205281786005,0.15805937444948082,0.10502477538796628
adult,sex,Female,Male,5000,0.12522477538796628,0.08125149208679079,0.9343958276613122,0.15288696675947858,0.1290247753879662
adult,race,White,Black,100,-0.06178713339640496,0.05725581395348837,0.6767130000000001,0.11689031224979961,-0.03700000000000003
adult,race,White,Black,300,-0.06178713339640496,0.05127906976744185,0.6496573333333334,0.10044825193488102,-0.06366666666666665
adult,race,White,Black,1000,-0.06178713339640496,0.04972093023255813,0.6920388,0.09289303442754185,-0.05800000000000005
adult,race,White,Black,5000,-0.06178713339640496,0.051762130646190396,0.7288415500000001,0.09708169775176792,-0.059658467360454104
adult,race,White,Asian-Pac-Islander,100,0.028003837298541834,0.06246046511627907,0.750265,0.07343987189751788,0.02300000000000002
adult,race,White,Asian-Pac-Islander,300,0.028003837298541834,0.059663565891472856,0.8314413333333334,0.050659514278089096,-0.03366666666666662
adult,race,White,Asian-Pac-Islander,1000,0.028003837298541834,0.05535348837209302,0.8440000999999999,0.05115708566853476,-0.0040000000000000036
adult,race,White,Asian-Pac-Islander,5000,0.028003837298541834,0.054787527887344055,0.8626970836531083,0.048903594402766974,0.0003752877973905999
adult,race,White,Other,100,-0.06339593908629437,0.055953488372093026,0.608072,0.10192009607686131,-0.05700000000000005
adult,race,White,Other,300,-0.06339593908629437,0.04784031007751938,0.685098,0.08741873498799022,-0.04033333333333333
adult,race,White,Other,1000,-0.06339593908629437,0.041630881832133156,0.7006692893401015,0.07665758027741976,-0.04816751269035535
adult,race,White,Other,5000,-0.06339593908629437,0.041630881832133156,0.7006692893401015,0.07665758027741976,-0.04816751269035535
adult,race,Black,White,100,0.07759943235572375,0.04812589381971794,0.576480605487228,0.07889676211071,0.05579943235572371
adult,race,Black,White,300,0.07759943235572375,0.05165746261541734,0.6479832860296436,0.08188058714498106,0.08246609902239033
adult,race,Black,White,1000,0.07759943235572375,0.048272755274911434,0.6644877010406812,0.07028853802637429,0.05679943235572371
adult,race,Black,White,5000,0.07759943235572375,0.048901093485291855,0.7126890964995269,0.07409813633116451,0.07799943235572371
adult,race,Black,Asian-Pac-Islander,100,0.10075722207176363,0.07732811159270424,0.8442384105960264,0.11104845249358025,0.015799432355723675
adult,race,Black,Asian-Pac-Islander,300,0.10075722207176363,0.07789839607489385,0.8392462945443078,0.10300470945237133,0.05246609902239041
adult,race,Black,Asian-Pac-Islander,1000,0.10075722207176363,0.08181984994829596,0.8676173131504257,0.10943695093931614,0.09479943235572375
adult,race,Black,Asian-Pac-Islander,5000,0.10075722207176363,0.0812545665591847,0.8729610948026931,0.10649554963609713,0.09845484294666762
adult,race,Black,Other,100,0.021129381594302332,0.037189280763899574,0.5892194891201513,0.05619087038789027,0.005799432355723666
adult,race,Black,Other,300,0.021129381594302332,0.04070060798075583,0.6372532324187953,0.05682126445658683,0.022466099022390384
adult,race,Black,Other,1000,0.021129381594302332,0.036749902025352894,0.6540461463100721,0.046646299242170695,0.022398417127297288
adult,race,Black,Other,5000,0.021129381594302332,0.036749902025352894,0.6540461463100721,0.046646299242170695,0.022398417127297288
adult,race,Asian-Pac-Islander,White,100,-0.004538461538461491,0.07084078711985688,0.8537538461538461,0.10072090213451479,0.07846153846153847
adult,race,Asian-Pac-Islander,White,300,-0.004538461538461491,0.05831842576028622,0.8325025641025642,0.0963793797825212,0.018461538461538418
adult,race,Asian-Pac-Islander,White,1000,-0.004538461538461491,0.05615563506261181,0.8415692307692307,0.0818517921868708,0.04446153846153844
adult,race,Asian-Pac-Islander,White,5000,-0.004538461538461491,0.05718389982110913,0.8503088461538462,0.08149625453080958,0.06186153846153841
adult,race,Asian-Pac-Islander,Black,100,-0.07534167818936033,0.0891413237924866,0.856,0.1731896898912606,-0.031538461538461515
adult,race,Asian-Pac-Islander,Black,300,-0.07534167818936033,0.09109719737626713,0.8642871794871794,0.1874842260706135,-0.05153846153846153
adult,race,Asian-Pac-Islander,Black,1000,-0.07534167818936033,0.0837942754919499,0.8624107692307693,0.1678908578332662,-0.028538461538461513
adult,race,Asian-Pac-Islander,Black,5000,-0.07534167818936033,0.08406126293235489,0.8639153846153846,0.16927654121822147,-0.032768357470344234
adult,race,Asian-Pac-Islander,Other,100,-0.06986333463490824,0.06615384615384615,0.7471076923076923,0.12888038662907775,0.018461538461538418
adult,race,Asian-Pac-Islander,Other,300,-0.06986333463490824,0.06518783542039357,0.7688205128205129,0.1287783595113438,0.028461538461538427
adult,race,Asian-Pac-Islander,Other,1000,-0.06986333463490824,0.06197951381636897,0.7709566575556424,0.12714538046533685,0.012623975009761867
adult,race,Asian-Pac-Islander,Other,5000,-0.06986333463490824,0.06197951381636897,0.7709566575556424,0.12714538046533685,0.012623975009761867
adult,race,Other,White,100,0.08675329949238586,0.04736985007673238,0.6621065989847715,0.07982556529764653,0.1135532994923858
adult,race,Other,White,300,0.08675329949238586,0.04351945854483926,0.6546192893401015,0.08653284110136901,0.08021996615905247
adult,race,Other,White,1000,0.08675329949238586,0.038518356746547036,0.6669137055837564,0.08118043377941851,0.055553299492385855
adult,race,Other,White,5000,0.08675329949238586,0.03900384842403495,0.6053153553299493,0.07942770650669127,0.06655329949238586
adult,race,Other,Black,100,0.0031275662851956154,0.05950301027033409,0.6534010152284263,0.09216889709275496,-0.0064467005076142
adult,race,Other,Black,300,0.0031275662851956154,0.05011686931885256,0.602648054145516,0.07680572219658513,-0.0097800338409475
adult,race,Other,Black,1000,0.0031275662851956154,0.05243560382481409,0.6432918781725889,0.07802288878634056,-0.011446700507614205
adult,race,Other,Black,5000,0.0031275662851956154,0.05264692371893333,0.6362722081218274,0.07824875061066947,-0.007988800791436268
adult,race,Other,Asian-Pac-Islander,100,0.09848806541717481,0.06351906504544917,0.7058883248730965,0.1666765113059528,0.06355329949238586
adult,race,Other,Asian-Pac-Islander,300,0.09848806541717481,0.05812615590445835,0.7469881556683586,0.14510413782494988,0.08688663282571918
adult,race,Other,Asian-Pac-Islander,1000,0.09848806541717481,0.05775445638059262,0.7458705583756345,0.14986728195662188,0.09055329949238589
adult,race,Other,Asian-Pac-Islander,5000,0.09848806541717481,0.05794098831886643,0.7464032630672677,0.1510741071419084,0.09081346833352166
adult,age,age30-45,age<30,100,-0.1049538253215978,0.07718703332901175,0.6987452042428346,0.17534141602152853,-0.11655382532159775
adult,age,age30-45,age<30,300,-0.1049538253215978,0.07361687722381478,0.7860829007748439,0.16623029013809157,-0.10988715865493115
adult,age,age30-45,age<30,1000,-0.1049538253215978,0.07414889295437847,0.8201689234935681,0.17096137274569645,-0.11255382532159774
adult,age,age30-45,age<30,5000,-0.1049538253215978,0.0674123837374014,0.8148601895734597,0.15658280558946377,-0.10135382532159776
adult,age,age30-45,age>45,100,0.013846174678402212,0.029912271856408195,0.5870074475287745,0.04034639636952889,0.0034461746784022473
adult,age,age30-45,age>45,300,0.013846174678402212,0.026518148249518626,0.622128940043632,0.03392568285708516,-0.02322049198826448
adult,age,age30-45,age>45,1000,0.013846174678402212,0.02305312186385091,0.6752331302189122,0.03500469881377717,-0.02555382532159778
adult,age,age30-45,age>45,5000,0.013846174678402212,0.020804549186822053,0.689891897991424,0.03671693936026016,-0.021953825321597842
adult,age,age<30,age30-45,100,0.15530659186535767,0.06603622691056667,0.731054698457223,0.15517245242620084,0.14810659186535757
adult,age,age<30,age30-45,300,0.15530659186535767,0.06988003939005102,0.7859714820009349,0.1644544954092904,0.161439925198691
adult,age,age<30,age30-45,1000,0.15530659186535767,0.06785759899734416,0.7951431977559608,0.15857767413296542,0.13710659186535756
adult,age,age<30,age30-45,5000,0.15530659186535767,0.06678743099280833,0.8099626227208976,0.15643565150999558,0.12930659186535765
adult,age,age<30,age>45,100,0.1711065918653576,0.07994330219927784,0.8598036465638148,0.18106438334564276,0.08810659186535763
adult,age,age<30,age>45,300,0.1711065918653576,0.07861707101150865,0.8809892473118279,0.1772551875427045,0.15477325853202428
adult,age,age<30,age>45,1000,0.1711065918653576,0.07946259437199728,0.8922793828892006,0.18136170610056618,0.13910659186535757
adult,age,age<30,age>45,5000,0.1711065918653576,0.07686572767151086,0.8924181977559607,0.17822778824369007,0.13910659186535757
adult,age,age>45,age30-45,100,-0.0019600967351873777,0.043085235020196046,0.6058570133010882,0.08283480688977687,-0.018960096735187393
adult,age,age>45,age30-45,300,-0.0019600967351873777,0.03018712427212775,0.6349899234179767,0.06276669736895216,0.0077065699314792235
adult,age,age>45,age30-45,1000,-0.0019600967351873777,0.02558884972600273,0.6680253929866989,0.05313769898375952,-0.0029600967351873786
adult,age,age>45,age30-45,5000,-0.0019600967351873777,0.02276173300059173,0.6787319377267231,0.04525171439824802,0.0036399032648125607
adult,age,age>45,age<30,100,-0.11676009673518739,0.07801924412771102,0.8133902660217656,0.14853461976420043,-0.07896009673518745
adult,age,age>45,age<30,300,-0.11676009673518739,0.07796864682223195,0.8605925030229746,0.1461241174370081,-0.09562676340185405
adult,age,age>45,age<30,1000,-0.11676009673518739,0.07577990172116598,0.8767524183796855,0.14742385398994348,-0.09396009673518746
adult,age,age>45,age<30,5000,-0.11676009673518739,0.0783544109701819,0.9038470752720676,0.15104283597163554,-0.09776009673518737
adult,education,no-degree,degree,100,0.11099999999999999,0.05554893617021278,0.8082750000000001,0.10031686143572656,0.14580000000000004
adult,education,no-degree,degree,300,0.11099999999999999,0.055912056737588645,0.8451330000000001,0.10082448525320013,0.0958
adult,education,no-degree,degree,1000,0.11099999999999999,0.05768085106382979,0.8578059,0.08953155258764635,0.1048
adult,education,no-degree,degree,5000,0.11099999999999999,0.056919148936170234,0.8735472249999999,0.08620767946577657,0.12419999999999998
adult,education,degree,no-degree,100,-0.022808692604276204,0.05045461664093787,0.7376042762004906,0.0858617149095043,0.09159130739572385
adult,education,degree,no-degree,300,-0.022808692604276204,0.05083920621070765,0.8417309265101064,0.08880857193178858,0.06159130739572383
adult,education,degree,no-degree,1000,-0.022808692604276204,0.05265084905027183,0.8505178759200842,0.10535684511197943,0.036591307395723804
adult,education,degree,no-degree,5000,-0.022808692604276204,0.05479494820681477,0.8587031195233088,0.10779415439451873,0.026591307395723796
adult,workclass,Private,Other,100,0.05559999999999998,0.054931707317073176,0.661245,0.1085717171717173,0.03920000000000001
adult,workclass,Private,Other,300,0.05559999999999998,0.050417886178861795,0.712398,0.10899846954392423,0.06253333333333333
adult,workclass,Private,Other,1000,0.05559999999999998,0.04880487804878048,0.7291963,0.10370945821854925,0.04820000000000002
adult,workclass,Private,Other,5000,0.05559999999999998,0.04915121951219512,0.759550975,0.10388172635445375,0.04699999999999993
adult,workclass,Private,Self-emp-not-inc,100,0.0736151738672286,0.06413658536585366,0.737822,0.11170890725436186,-0.0008000000000000229
adult,workclass,Private,Self-emp-not-inc,300,0.0736151738672286,0.05726341463414634,0.7495436666666666,0.09540906029996943,0.0358666666666666
adult,workclass,Private,Self-emp-not-inc,1000,0.0736151738672286,0.06469268292682928,0.7938758,0.11018236914600554,0.04720000000000002
adult,workclass,Private,Self-emp-not-inc,5000,0.0736151738672286,0.06586841604770105,0.8222925447839832,0.10860550751310405,0.0614971548998946
adult,workclass,Private,Local-gov,100,0.04758709677419348,0.04293658536585366,0.690989,0.06237171717171722,-0.02080000000000004
adult,workclass,Private,Local-gov,300,0.04758709677419348,0.046147967479674805,0.7640646666666667,0.07243177226813595,-0.010800000000000032
adult,workclass,Private,Local-gov,1000,0.04758709677419348,0.044526829268292684,0.8043164,0.06917887970615247,0.0011999999999999789
adult,workclass,Private,Local-gov,5000,0.04758709677419348,0.04803414634146341,0.8247071935483872,0.07641455611836848,0.007264516129032228
adult,workclass,Other,Private,100,-0.05618245614035089,0.05036099116972031,0.6805223285486443,0.1169776624811852,-0.0429824561403509
adult,workclass,Other,Private,300,-0.05618245614035089,0.04543976348854397,0.7103375863902179,0.09350486093544536,-0.03298245614035089
adult,workclass,Other,Private,1000,-0.05618245614035089,0.049221534990469516,0.7160027910685806,0.1084480994899562,-0.05198245614035091
adult,workclass,Other,Private,5000,-0.05618245614035089,0.049712607461002846,0.7386931818181819,0.11334045780162658,-0.058982456140350914
adult,workclass,Other,Self-emp-not-inc,100,0.04595326567208324,0.04462364336562026,0.6685765550239234,0.06833771974675418,0.04701754385964907
adult,workclass,Other,Self-emp-not-inc,300,0.04595326567208324,0.04948418718636947,0.7600571504518872,0.08262250113472662,0.020350877192982453
adult,workclass,Other,Self-emp-not-inc,1000,0.04595326567208324,0.048960905589917135,0.7966826156299841,0.08523165824367654,0.021017543859649046
adult,workclass,Other,Self-emp-not-inc,5000,0.04595326567208324,0.049644873329963105,0.7995064896651053,0.08676045553774074,0.031200894755328723
adult,workclass,Other,Local-gov,100,-0.012659875495189654,0.04878671179056288,0.6494736842105262,0.09576746088557123,-0.022982456140350882
adult,workclass,Other,Local-gov,300,-0.012659875495189654,0.038932197455945845,0.6886616161616161,0.06332091861723033,-0.04631578947368431
adult,workclass,Other,Local-gov,1000,-0.012659875495189654,0.036322363558563824,0.7304888357256778,0.04919167460526769,-0.038982456140350896
adult,workclass,Other,Local-gov,5000,-0.012659875495189654,0.03951019993299176,0.758739388794567,0.05635600708886544,-0.037498585172608956
adult,workclass,Self-emp-not-inc,Private,100,-0.03168219178082199,0.07887686653473489,0.7887038988408852,0.0910946394913209,-0.02808219178082194
adult,workclass,Self-emp-not-inc,Private,300,-0.03168219178082199,0.06861891421864694,0.7872953986652617,0.06809682117997759,-0.03141552511415535
adult,workclass,Self-emp-not-inc,Private,1000,-0.03168219178082199,0.06605374077976817,0.8046849315068493,0.06651147135712052,-0.02608219178082194
adult,workclass,Self-emp-not-inc,Private,5000,-0.03168219178082199,0.06832392505589967,0.8119204425711275,0.07381700699454888,-0.026282191780821917
adult,workclass,Self-emp-not-inc,Other,100,0.052117808219178,0.05464005757022797,0.6858904109589041,0.07515614233345269,0.06191780821917803
adult,workclass,Self-emp-not-inc,Other,300,0.052117808219178,0.05240903989651066,0.7568668774148226,0.0757853266419733,0.08858447488584476
adult,workclass,Self-emp-not-inc,Other,1000,0.052117808219178,0.05315130175537794,0.7849510010537408,0.07020531407623816,0.07291780821917804
adult,workclass,Self-emp-not-inc,Other,5000,0.052117808219178,0.05171865121180189,0.7990466280295047,0.06632959018600529,0.07611780821917802
adult,workclass,Self-emp-not-inc,Local-gov,100,0.021272646928855443,0.0787797167750392,0.8159062170706006,0.08650384922814008,0.0019178082191780854
adult,workclass,Self-emp-not-inc,Local-gov,300,0.021272646928855443,0.07944657191566647,0.8600228310502284,0.09072669243419762,0.04525114155251142
adult,workclass,Self-emp-not-inc,Local-gov,1000,0.021272646928855443,0.07682908838572053,0.8836032665964172,0.08603646960795316,0.057917808219178024
adult,workclass,Self-emp-not-inc,Local-gov,5000,0.021272646928855443,0.07447892062455075,0.8906522995343146,0.08286529606272175,0.055788775961113535
adult,workclass,Local-gov,Private,100,-0.021129032258064506,0.0594492525570417,0.6564064516129032,0.12942177946447384,-0.05612903225806454
adult,workclass,Local-gov,Private,300,-0.021129032258064506,0.05179124049305008,0.7502537634408603,0.11020363342469595,-0.05946236559139784
adult,workclass,Local-gov,Private,1000,-0.021129032258064506,0.04846577498033045,0.7726154838709677,0.10247664979970475,-0.06212903225806454
adult,workclass,Local-gov,Private,5000,-0.021129032258064506,0.04676632572777341,0.7857237096774193,0.10246275563989027,-0.06292903225806457
adult,workclass,Local-gov,Other,100,0.04587096774193544,0.048717545239968525,0.6545290322580646,0.08183586337760906,0.03387096774193543
adult,workclass,Local-gov,Other,300,0.04587096774193544,0.036509310254392864,0.672741935483871,0.056927928877644196,0.03387096774193543
adult,workclass,Local-gov,Other,1000,0.04587096774193544,0.03333359559402046,0.711448387096774,0.05677134724857681,0.01987096774193553
adult,workclass,Local-gov,Other,5000,0.04587096774193544,0.03695908733280881,0.7370033870967743,0.06224668985873914,0.008270967741935475
adult,workclass,Local-gov,Self-emp-not-inc,100,0.036178660049627775,0.09635719905586153,0.8467354838709678,0.1660452245414294,0.04387096774193544
adult,workclass,Local-gov,Self-emp-not-inc,300,0.036178660049627775,0.07954628901127721,0.848432258064516,0.1303169583245484,-0.0027956989247311936
adult,workclass,Local-gov,Self-emp-not-inc,1000,0.036178660049627775,0.07631628638867034,0.8671077419354838,0.13147591187012433,-0.029129032258064513
adult,workclass,Local-gov,Self-emp-not-inc,5000,0.036178660049627775,0.07379594570955057,0.8831697202488188,0.1253649779931914,-0.030733879465651426
compas,race,African-American,Caucasian,100,0.014126219734133527,0.06864508897295782,0.5793947036569987,0.19730183904385204,-0.13778058007566196
compas,race,African-American,Caucasian,300,0.014126219734133527,0.07933772360001869,0.6110277427490544,0.17452207670357944,-0.06778058007566201
compas,race,African-American,Caucasian,1000,0.014126219734133527,0.07834650413338938,0.6154438839848676,0.15807018751963633,-0.062780580075662
compas,race,African-American,Caucasian,5000,0.014126219734133527,0.08062416221720262,0.6126193949794895,0.1590346897014889,-0.08287805986643715
compas,race,African-American,Hispanic,100,-0.003438733317312259,0.07340899537620849,0.5197477931904161,0.16518599176239185,-0.08778058007566203
compas,race,African-American,Hispanic,300,-0.003438733317312259,0.08622483770024754,0.6093883984867592,0.19300024245136976,-0.09778058007566204
compas,race,African-American,Hispanic,1000,-0.003438733317312259,0.08552321351445318,0.5978825033383957,0.178808674448397,-0.08398883154913939
compas,race,African-American,Hispanic,5000,-0.003438733317312259,0.08552321351445318,0.5978825033383957,0.178808674448397,-0.08398883154913939
compas,race,Caucasian,African-American,100,0.06234720659917514,0.09507936507936508,0.6297333333333333,0.23221198156682019,0.05809523809523809
compas,race,Caucasian,African-American,300,0.06234720659917514,0.09026455026455027,0.6447238095238095,0.19784946236559137,0.05476190476190479
compas,race,Caucasian,African-American,1000,0.06234720659917514,0.09186772486772488,0.6544676190476191,0.18530590300636382,0.00209523809523815
compas,race,Caucasian,African-American,5000,0.06234720659917514,0.09851768528933884,0.6681151856017998,0.20143691715954856,0.023292088488938933
compas,race,Caucasian,Hispanic,100,0.04029563102254652,0.06677248677248676,0.5531809523809523,0.1289554531490015,-0.0019047619047618536
compas,race,Caucasian,Hispanic,300,0.04029563102254652,0.05507936507936508,0.5228444444444444,0.10700460829493086,-0.02190476190476187
compas,race,Caucasian,Hispanic,1000,0.04029563102254652,0.04528310516522697,0.5612854336233511,0.08096064992953263,-0.016678828702404336
compas,race,Caucasian,Hispanic,5000,0.04029563102254652,0.04528310516522697,0.5612854336233511,0.08096064992953263,-0.016678828702404336
compas,race,Hispanic,African-American,100,0.08062992125984259,0.11226596675415573,0.6705511811023622,0.2637163136298103,0.30228346456692917
compas,race,Hispanic,African-American,300,0.08062992125984259,0.09987751531058617,0.6798425196850393,0.2392092713762892,0.27228346456692915
compas,race,Hispanic,African-American,1000,0.08062992125984259,0.10121084864391952,0.6481377952755905,0.24554729954530324,0.2562834645669292
compas,race,Hispanic,African-American,5000,0.08062992125984259,0.10470691163604548,0.6420323640647281,0.24035044915160247,0.2733858267716536
compas,race,Hispanic,Caucasian,100,0.06228821967867426,0.05995625546806649,0.5113779527559055,0.12250083176222687,0.19228346456692913
compas,race,Hispanic,Caucasian,300,0.06228821967867426,0.05067658209390492,0.5848950131233595,0.10485564304461936,0.18228346456692912
compas,race,Hispanic,Caucasian,1000,0.06228821967867426,0.04769553805774278,0.5288425196850394,0.07720306088499498,0.1442834645669292
compas,race,Hispanic,Caucasian,5000,0.06228821967867426,0.047995427105135394,0.5415098790254642,0.08348208548432659,0.15643943223216927
compas,sex,Male,Female,100,-0.037948997495869,0.04091127447412475,0.5459887910328263,0.11128554474785494,-0.059863891112890255
compas,sex,Male,Female,300,-0.037948997495869,0.04967198000824902,0.6010328262610088,0.10335500930295055,-0.04319722444622365
compas,sex,Male,Female,1000,-0.037948997495869,0.05701375645971323,0.5579359487590072,0.1088153916040633,-0.022863891112890222
compas,sex,Male,Female,5000,-0.037948997495869,0.05829808914830123,0.579823177691089,0.11088549874153125,-0.02177878472991157
compas,sex,Female,Male,100,0.05287063022796612,0.0487278932671424,0.5,0.14787208784686154,0.009658703071672381
compas,sex,Female,Male,300,0.05287063022796612,0.06288447616092667,0.5511660978384527,0.13268882623534647,0.0329920364050057
compas,sex,Female,Male,1000,0.05287063022796612,0.06043872168786845,0.5511808873720137,0.11535732304496217,0.025658703071672284
compas,sex,Female,Male,5000,0.05287063022796612,0.06491155009481023,0.5754441126279863,0.12711583026385054,0.035260063888162274
compas,age,25 - 45,Less than 25,100,0.11737252617073646,0.07029916949792374,0.6556568516421291,0.2293056208465989,-0.15107587768969422
compas,age,25 - 45,Less than 25,300,0.11737252617073646,0.07599031080911035,0.7408267270668177,0.2295449332962951,-0.11774254435636089
compas,age,25 - 45,Less than 25,1000,0.11737252617073646,0.06854586636466592,0.739219705549264,0.257543360969251,-0.11907587768969419
compas,age,25 - 45,Less than 25,5000,0.11737252617073646,0.06894268627653753,0.7486684473949492,0.25835094525858726,-0.11054135653156505
compas,age,25 - 45,Greater than 45,100,-0.048678352554350046,0.06492166855417139,0.5734031710079276,0.07382529541229516,-0.04107587768969412
compas,age,25 - 45,Greater than 45,300,-0.048678352554350046,0.054368944255693975,0.6170215175537939,0.0668059413662685,-0.07107587768969414
compas,age,25 - 45,Greater than 45,1000,-0.048678352554350046,0.06233786334465836,0.6349756511891279,0.06812622865873204,-0.04107587768969412
compas,age,25 - 45,Greater than 45,5000,-0.048678352554350046,0.05787975558492647,0.6307265623152457,0.06769581781076989,-0.03862421489000356
compas,age,Less than 25,25 - 45,100,-0.0024200506929837884,0.07378968253968253,0.666235119047619,0.16992656875834436,-0.0569047619047619
compas,age,Less than 25,25 - 45,300,-0.0024200506929837884,0.07015873015873016,0.7378869047619049,0.2320983533600354,-0.08023809523809522
compas,age,Less than 25,25 - 45,1000,-0.0024200506929837884,0.0654563492063492,0.7331547619047618,0.21001112594570523,-0.07190476190476192
compas,age,Less than 25,25 - 45,5000,-0.0024200506929837884,0.06398528645131138,0.734028255271531,0.20923500114157476,-0.08311087742005063
compas,age,Less than 25,Greater than 45,100,-0.0063943210694950015,0.10774801587301587,0.7683779761904761,0.19015131286159306,-0.016904761904761867
compas,age,Less than 25,Greater than 45,300,-0.0063943210694950015,0.10992063492063493,0.788874007936508,0.20276145972407644,-0.0569047619047619
compas,age,Less than 25,Greater than 45,1000,-0.0063943210694950015,0.11316666666666668,0.7894166666666668,0.1767209612817088,-0.0579047619047619
compas,age,Less than 25,Greater than 45,5000,-0.0063943210694950015,0.11000741170404744,0.7965130464405404,0.16938555351450804,-0.052798033366478814
compas,age,Greater than 45,25 - 45,100,0.046648247425572054,0.08009803921568627,0.5994582043343653,0.0991615764371182,0.10801857585139318
compas,age,Greater than 45,25 - 45,300,0.046648247425572054,0.07126848985208119,0.5778740970072239,0.0987411560166978,0.07135190918472645
compas,age,Greater than 45,25 - 45,1000,0.046648247425572054,0.06324793601651187,0.6094829721362229,0.09771193484506178,0.07301857585139315
compas,age,Greater than 45,25 - 45,5000,0.046648247425572054,0.06989085197171198,0.6240897026391172,0.10325164896461735,0.07014768117415648
compas,age,Greater than 45,Less than 25,100,0.2088277814935609,0.1194453044375645,0.6769814241486068,0.1888257607452654,-0.05198142414860685
compas,age,Greater than 45,Less than 25,300,0.2088277814935609,0.11842449260405914,0.8131062951496387,0.1882596528416962,-0.005314757481940213
compas,age,Greater than 45,Less than 25,1000,0.2088277814935609,0.11165402476780185,0.8043529411764706,0.185208852815664,0.016018575851393102
compas,age,Greater than 45,Less than 25,5000,0.2088277814935609,0.11284067411202357,0.8078265886122354,0.1833048753415306,0.009867128189923191
housing,proximity,<1H OCEAN,INLAND,100,0.26618246235606735,0.20547789677107656,0.99348095659876,0.36398810444039953,0.0761824623560673
housing,proximity,<1H OCEAN,INLAND,300,0.26618246235606735,0.20408889604638059,0.9972984942426927,0.35902990872981627,0.09284912902273401
housing,proximity,<1H OCEAN,INLAND,1000,0.26618246235606735,0.2084748369433932,0.9989619131975199,0.3849225558669357,0.12518246235606734
housing,proximity,<1H OCEAN,INLAND,5000,0.26618246235606735,0.2014033336017393,0.9992400354295837,0.3732907139129446,0.1325824623560673
housing,proximity,<1H OCEAN,NEAR OCEAN,100,0.047521883969461554,0.14300748852564618,0.9372719220549158,0.2579157232016795,-0.013817537643932676
housing,proximity,<1H OCEAN,NEAR OCEAN,300,0.047521883969461554,0.13741310357785116,0.9836330085621494,0.2531151142592685,0.02284912902273406
housing,proximity,<1H OCEAN,NEAR OCEAN,1000,0.047521883969461554,0.12434729044206459,0.992596545615589,0.2536474231127639,-0.002817537643932666
housing,proximity,<1H OCEAN,NEAR OCEAN,5000,0.047521883969461554,0.11556655774778248,0.9938869475418367,0.247569673428928,-0.011458329120340616
housing,proximity,<1H OCEAN,NEAR BAY,100,0.16768025971289557,0.2752000966261374,0.9998538529672276,0.6004049290511482,-0.013817537643932676
housing,proximity,<1H OCEAN,NEAR BAY,300,0.16768025971289557,0.2656934267385994,0.999943903159138,0.5966182342776951,-0.00048420431059936764
housing,proximity,<1H OCEAN,NEAR BAY,1000,0.16768025971289557,0.2644536597149529,0.9999853852967228,0.5960115765396024,0.021182462356067355
housing,proximity,<1H OCEAN,NEAR BAY,5000,0.16768025971289557,0.2605135374140732,0.9999793197363852,0.5961024391313798,0.013495237686463768
housing,proximity,INLAND,<1H OCEAN,100,0.15206108374384242,0.2280743394536498,0.9842487684729064,0.42893694007225897,0.19426108374384243
housing,proximity,INLAND,<1H OCEAN,300,0.15206108374384242,0.21337811613673682,0.9954720853858785,0.42560597471527445,0.1542610837438424
housing,proximity,INLAND,<1H OCEAN,1000,0.15206108374384242,0.20470219435736678,0.9979618226600985,0.430251253054151,0.11726108374384236
housing,proximity,INLAND,<1H OCEAN,5000,0.15206108374384242,0.200376354679803,0.9992047413793104,0.4238833125836414,0.1290610837438424
housing,proximity,INLAND,NEAR OCEAN,100,0.2050830015520616,0.1995924764890282,0.9877216748768473,0.33045492054721765,0.09426108374384246
housing,proximity,INLAND,NEAR OCEAN,300,0.2050830015520616,0.18583594566353187,0.9992241379310345,0.33234698746766445,0.1442610837438424
housing,proximity,INLAND,NEAR OCEAN,1000,0.2050830015520616,0.17378996865203764,0.9997389162561576,0.3180813399875859,0.10726108374384247
housing,proximity,INLAND,NEAR OCEAN,5000,0.2050830015520616,0.1733655128789753,0.9999786778984936,0.31961409562577875,0.09891861799041779
housing,proximity,INLAND,NEAR BAY,100,0.20928311017556045,0.30367666815942684,0.9937838669950738,0.5788966485958973,0.22426108374384246
housing,proximity,INLAND,NEAR BAY,300,0.20928311017556045,0.26895581430064186,0.999995894909688,0.5684379368946259,0.2642610837438424
housing,proximity,INLAND,NEAR BAY,1000,0.20928311017556045,0.2586739811912226,0.9999987684729064,0.5668889885511929,0.2542610837438424
housing,proximity,INLAND,NEAR BAY,5000,0.20928311017556045,0.25540515613810466,0.9999964736008333,0.5634209726142788,0.2458469868275428
housing,proximity,NEAR OCEAN,<1H OCEAN,100,0.12118477929984783,0.1629500484295005,0.9605479452054795,0.27989194996171296,0.12998477929984775
housing,proximity,NEAR OCEAN,<1H OCEAN,300,0.12118477929984783,0.14080531340805313,0.9707711821410452,0.2695100778344085,0.07331811263318111
housing,proximity,NEAR OCEAN,<1H OCEAN,1000,0.12118477929984783,0.12647073474470735,0.9875114155251141,0.2548878371742552,0.0659847792998478
housing,proximity,NEAR OCEAN,<1H OCEAN,5000,0.12118477929984783,0.11823868825238688,0.9924634703196347,0.2511575588931972,0.061784779299847825
housing,proximity,NEAR OCEAN,INLAND,100,0.5927847792998477,0.19545039435450395,0.9979147640791476,0.26692329256292874,0.04998477929984779
housing,proximity,NEAR OCEAN,INLAND,300,0.5927847792998477,0.17132004981320048,0.9971182141045155,0.24998564475375004,0.08998477929984783
housing,proximity,NEAR OCEAN,INLAND,1000,0.5927847792998477,0.16936820257368204,0.9995951293759514,0.22505369388895471,0.09398477929984783
housing,proximity,NEAR OCEAN,INLAND,5000,0.5927847792998477,0.17305205479452052,0.9997800608828006,0.2253098121776889,0.10698477929984784
housing,proximity,NEAR OCEAN,NEAR BAY,100,0.243641166965046,0.22616853466168532,0.9984170471841705,0.48507167275306506,-0.050015220700152185
housing,proximity,NEAR OCEAN,NEAR BAY,300,0.243641166965046,0.20708731147087311,0.9960273972602739,0.47348723361422934,-0.04334855403348559
housing,proximity,NEAR OCEAN,NEAR BAY,1000,0.243641166965046,0.21106171302061713,0.9988325722983258,0.4756069936200994,-0.04401522070015218
housing,proximity,NEAR OCEAN,NEAR BAY,5000,0.243641166965046,0.20977136033559907,0.9987649105867681,0.47152531592320535,-0.035213458585614754
housing,proximity,NEAR BAY,<1H OCEAN,100,0.12774356261022923,0.30099887766554434,0.9902645502645504,0.496108844424572,0.05594356261022926
housing,proximity,NEAR BAY,<1H OCEAN,300,0.12774356261022923,0.27728876062209395,0.9993180482069371,0.44494771095710056,0.09927689594356259
housing,proximity,NEAR BAY,<1H OCEAN,1000,0.12774356261022923,0.2751236171236171,0.9997830687830689,0.44972440196735963,0.1149435626102292
housing,proximity,NEAR BAY,<1H OCEAN,5000,0.12774356261022923,0.2710289241622575,0.9999290123456791,0.4431860067814292,0.10854356261022924
housing,proximity,NEAR BAY,INLAND,100,0.2987435626102293,0.2908609908609909,1.0,0.54197325930894,0.15594356261022924
housing,proximity,NEAR BAY,INLAND,300,0.2987435626102293,0.2689979156645823,0.9994591416813641,0.49288555406513146,0.15261022927689594
housing,proximity,NEAR BAY,INLAND,1000,0.2987435626102293,0.2632031425364758,0.9999876543209877,0.48380788744814557,0.14194356261022922
housing,proximity,NEAR BAY,INLAND,5000,0.2987435626102293,0.26315757575757576,0.9999986772486773,0.47546652135032413,0.14974356261022925
housing,proximity,NEAR BAY,NEAR OCEAN,100,0.1771459979222536,0.25200737534070866,0.9939153439153439,0.34414648384131946,0.06594356261022927
housing,proximity,NEAR BAY,NEAR OCEAN,300,0.1771459979222536,0.23430014430014434,0.9952145796590242,0.3545128797476214,0.05927689594356256
housing,proximity,NEAR BAY,NEAR OCEAN,1000,0.1771459979222536,0.22992432259098924,0.9980811287477954,0.35428903979432136,0.07394356261022927
housing,proximity,NEAR BAY,NEAR OCEAN,5000,0.1771459979222536,0.22851860637248766,0.9991127969311633,0.362016382073942,0.06679592181875282
housing,region,south,north,100,-0.01373319644079396,0.16607171063023218,0.7885900068446269,0.13655217396737068,0.018466803559206046
housing,region,south,north,300,-0.01373319644079396,0.154158900647607,0.7960757472051107,0.12386256044583094,0.011800136892539337
housing,region,south,north,1000,-0.01373319644079396,0.14400021060390672,0.8479271047227926,0.11299502188753428,-0.024533196440793992
housing,region,south,north,5000,-0.01373319644079396,0.14448456799873638,0.8548653747433266,0.11557060969937787,-0.040733196440793984
housing,region,north,south,100,0.0824155606407323,0.1840028164055624,0.7906178489702519,0.18304198881562023,0.2236155606407323
housing,region,north,south,300,0.0824155606407323,0.16592794695769525,0.8269488939740655,0.16949416842258028,0.100282227307399
housing,region,north,south,1000,0.0824155606407323,0.15375092413307517,0.8387185354691076,0.13332521568312938,0.09561556064073229
housing,region,north,south,5000,0.0824155606407323,0.1468479845097694,0.8490188787185355,0.12332870640117741,0.1066155606407323
bank,time,0,1,100,0.008338461538461517,0.11574950690335305,0.9758624708624709,0.11574950690335309,-0.028461538461538427
bank,time,0,1,300,0.008338461538461517,0.10496369015599785,0.9869755244755245,0.10496369015599785,-0.031794871794871726
bank,time,0,1,1000,0.008338461538461517,0.101845615922539,0.9956958041958042,0.10184561592253902,-0.01946153846153842
bank,time,0,1,5000,0.008338461538461517,0.10082846512461897,0.9971529720279719,0.10082846512461897,-0.011061538461538456
bank,time,0,2,100,0.026138461538461555,0.16028554778554777,1.0,0.1602855477855478,0.0015384615384615996
bank,time,0,2,300,0.026138461538461555,0.1550865160480545,1.0,0.1550865160480545,0.0015384615384615996
bank,time,0,2,1000,0.026138461538461555,0.1510830643715259,1.0,0.15108306437152588,-0.002461538461538404
bank,time,0,2,5000,0.026138461538461555,0.15219670970055585,1.0,0.15219670970055588,-0.0010615384615384471
bank,time,0,3,100,0.014538461538461611,0.1607423345884884,1.0,0.16074233458848844,-0.018461538461538418
bank,time,0,3,300,0.014538461538461611,0.15130356822664515,1.0,0.15130356822664517,-0.018461538461538418
bank,time,0,3,1000,0.014538461538461611,0.1475541509772279,1.0,0.1475541509772279,-0.025461538461538424
bank,time,0,3,5000,0.014538461538461611,0.14721812802582035,1.0,0.14721812802582035,-0.014261538461538437
bank,time,0,4,100,0.09113846153846161,0.1925712748789672,1.0,0.1925712748789672,-0.038461538461538436
bank,time,0,4,300,0.09113846153846161,0.1782571274878967,1.0,0.17825712748789674,-0.021794871794871717
bank,time,0,4,1000,0.09113846153846161,0.17649439662901206,1.0,0.176494396629012,-0.014461538461538415
bank,time,0,4,5000,0.09113846153846161,0.17391160121929344,1.0,0.1739116012192935,-0.014061538461538459
bank,time,0,5,100,0.32073846153846153,0.20249641384256767,1.0,0.2024964138425677,0.011538461538461608
bank,time,0,5,300,0.32073846153846153,0.20691724941724945,1.0,0.2069172494172494,0.008205128205128198
bank,time,0,5,1000,0.32073846153846153,0.20210426752734442,1.0,0.20210426752734448,0.010538461538461608
bank,time,0,5,5000,0.32073846153846153,0.19734306078536848,1.0,0.1973430607853685,0.0011384615384615326
bank,time,1,2,100,0.016466200466200398,0.095610543302851,0.9846328671328671,0.095610543302851,0.05046620046620043
bank,time,1,2,300,0.016466200466200398,0.09199973103819258,0.9943958818958819,0.09199973103819259,0.03046620046620041
bank,time,1,2,1000,0.016466200466200398,0.08879536489151874,0.9960157342657343,0.08879536489151874,0.034466200466200414
bank,time,1,2,5000,0.016466200466200398,0.08831133225748612,0.9972191142191142,0.08831133225748611,0.04406620046620047
bank,time,1,3,100,0.0020662004662004296,0.1310390891160122,0.9926486013986013,0.13103908911601223,0.010466200466200504
bank,time,1,3,300,0.0020662004662004296,0.1271682804375112,1.0,0.1271682804375112,0.04379953379953383
bank,time,1,3,1000,0.0020662004662004296,0.1291765734265734,1.0,0.12917657342657343,0.0204662004662004
bank,time,1,3,5000,0.0020662004662004296,0.1283154025461718,1.0,0.1283154025461718,0.016466200466200398
bank,time,1,4,100,0.08126620046620048,0.18810740541509768,1.0,0.18810740541509774,0.0004662004662004948
bank,time,1,4,300,0.08126620046620048,0.17533127129280976,1.0,0.17533127129280976,-0.022867132867132933
bank,time,1,4,1000,0.08126620046620048,0.17117661825354127,1.0,0.17117661825354136,-0.020533799533799524
bank,time,1,4,5000,0.08126620046620048,0.1670910435718128,1.0,0.16709104357181281,-0.021333799533799547
bank,time,1,5,100,0.30326620046620045,0.18334588488434644,1.0,0.18334588488434644,-0.029533799533799532
bank,time,1,5,300,0.30326620046620045,0.1793441814595661,1.0,0.1793441814595661,-0.03286713286713283
bank,time,1,5,1000,0.30326620046620045,0.18083526089295315,1.0,0.1808352608929532,-0.02853379953379953
bank,time,1,5,5000,0.30326620046620045,0.1827477945131791,1.0,0.18274779451317916,-0.028133799533799575
bank,time,2,3,100,-0.006171561771561751,0.09777030661646044,0.9973805361305361,0.09777030661646047,0.13822843822843822
bank,time,2,3,300,-0.006171561771561751,0.08838802223417609,0.9977952602952603,0.08838802223417609,0.11822843822843832
bank,time,2,3,1000,-0.006171561771561751,0.08729419939035325,0.9995751748251748,0.08729419939035324,0.1022284382284383
bank,time,2,3,5000,-0.006171561771561751,0.08997218038371885,0.9996113053613054,0.08997218038371885,0.0982284382284383
bank,time,2,4,100,0.06602843822843829,0.14841088398780705,0.9997027972027971,0.14841088398780702,0.20822843822843828
bank,time,2,4,300,0.06602843822843829,0.1363779809933656,1.0,0.13637798099336562,0.2348951048951049
bank,time,2,4,1000,0.06602843822843829,0.13521602115832887,1.0,0.13521602115832887,0.2372284382284383
bank,time,2,4,5000,0.06602843822843829,0.1366372601757217,1.0,0.1366372601757217,0.2290284382284382
bank,time,2,5,100,0.2928284382284383,0.1509637798099337,1.0,0.15096377980993367,0.2282284382284383
bank,time,2,5,300,0.2928284382284383,0.14779496144880755,1.0,0.14779496144880763,0.2182284382284383
bank,time,2,5,1000,0.2928284382284383,0.14590761161915006,1.0,0.14590761161915008,0.2112284382284383
bank,time,2,5,5000,0.2928284382284383,0.14391480186480188,1.0,0.14391480186480188,0.21342843822843827
bank,time,3,4,100,0.07686620046620041,0.15648780706473014,0.9994988344988345,0.99,0.0204662004662004
bank,time,3,4,300,0.07686620046620041,0.14402187556033708,0.999461926961927,0.9733333333333334,-0.0028671328671329155
bank,time,3,4,1000,0.07686620046620041,0.1368768154922001,0.9989726107226107,0.965,0.005466200466200499
bank,time,3,4,5000,0.07686620046620041,0.13437646584185045,0.9993299825174826,0.9688,0.011066200466200438
bank,time,3,5,100,0.2996662004662004,0.13787430518199748,1.0,0.68,0.2804662004662004
bank,time,3,5,300,0.2996662004662004,0.13504393042854582,1.0,0.72,0.24713286713286708
bank,time,3,5,1000,0.2996662004662004,0.13575156894387666,1.0,0.707,0.2534662004662005
bank,time,3,5,5000,0.2996662004662004,0.13413233817464587,1.0,0.6972,0.2564662004662005
bank,time,4,5,100,0.22124662004662,0.11938900842746995,0.9989044289044289,0.4931571458844184,0.020046620046620056
bank,time,4,5,300,0.22124662004662,0.10911152949614487,0.9986441336441336,0.48347046892501444,-0.01662004662004668
bank,time,4,5,1000,0.22124662004662,0.10489797382105073,0.9987692307692309,0.4828557503102958,-0.05095337995338001
bank,time,4,5,5000,0.22124662004662,0.10290072619688002,0.9989313811188811,0.48148691914146463,-0.04595337995338
elec,time,0,1,100,0.0719638418079096,0.13474576271186442,0.845,0.32143968712843585,0.12816384180790963
elec,time,0,1,300,0.0719638418079096,0.11871939736346515,0.8911746704331449,0.30306353406538755,0.07483050847457628
elec,time,0,1,1000,0.0719638418079096,0.11816572504708096,0.9087507062146892,0.3037611537236068,0.12816384180790963
elec,time,0,1,5000,0.0719638418079096,0.11572278719397365,0.9266838806497174,0.29990098306639,0.1315638418079096
elec,time,0,2,100,0.09356384180790955,0.11653013182674199,0.8548728813559322,0.24775355730150217,0.0981638418079096
elec,time,0,2,300,0.09356384180790955,0.10335216572504709,0.8877730696798494,0.237131699811158,0.11483050847457632
elec,time,0,2,1000,0.09356384180790955,0.09772128060263652,0.9116133474576271,0.24303147755266982,0.08616384180790959
elec,time,0,2,5000,0.09356384180790955,0.10432674199623353,0.9226575741525425,0.25618032701528604,0.08796384180790962
elec,time,0,3,100,0.1343638418079096,0.41683615819209036,0.962005649717514,0.3153640454153358,-0.04183615819209041
elec,time,0,3,300,0.1343638418079096,0.4125329566854991,0.9851777306967986,0.32958171107950796,-0.07850282485875704
elec,time,0,3,1000,0.1343638418079096,0.40749340866290024,0.9973548728813559,0.31175769162023326,-0.06683615819209043
elec,time,0,3,5000,0.1343638418079096,0.40274463276836153,0.9974396186440677,0.30436196193629106,-0.07043615819209037
elec,time,0,4,100,0.18456384180790963,0.48297551789077214,1.0,0.542880306809969,-0.11183615819209036
elec,time,0,4,300,0.18456384180790963,0.4803060263653483,1.0,0.5527987666985289,-0.09850282485875705
elec,time,0,4,1000,0.18456384180790963,0.49924764595103577,1.0,0.5768528353499794,-0.10183615819209035
elec,time,0,4,5000,0.18456384180790963,0.5012706214689265,1.0,0.584140191484236,-0.09523615819209041
elec,time,0,5,100,0.2333638418079096,0.6160404896421846,0.9921751412429378,0.7127503516502304,-0.13183615819209038
elec,time,0,5,300,0.2333638418079096,0.6027212806026366,1.0,0.7379427101547262,-0.1418361581920904
elec,time,0,5,1000,0.2333638418079096,0.6041779661016949,0.9998545197740114,0.7463833958921036,-0.13683615819209038
elec,time,0,5,5000,0.2333638418079096,0.6091561205273069,1.0,0.7499400725837161,-0.13703615819209036
elec,time,0,6,100,0.09176384180790964,0.4367043314500942,1.0,0.38129459740905663,-0.05183615819209042
elec,time,0,6,300,0.09176384180790964,0.42856873822975516,1.0,0.3872068674764336,-0.04516949152542371
elec,time,0,6,1000,0.09176384180790964,0.4296516007532956,0.9999216101694915,0.4038747076057476,-0.04283615819209041
elec,time,0,6,5000,0.09176384180790964,0.43700621468926554,0.9999971751412429,0.41779648272056824,-0.04043615819209034
elec,time,0,7,100,0.052763841807909606,0.3799340866290019,0.9997987288135592,0.16193936073485188,-0.0018361581920903758
elec,time,0,7,300,0.052763841807909606,0.3675847457627118,0.9995621468926553,0.13175149014213663,-0.0018361581920903758
elec,time,0,7,1000,0.052763841807909606,0.35919209039548017,1.0,0.12001519284420922,0.007163841807909632
elec,time,0,7,5000,0.052763841807909606,0.36054877589453865,1.0,0.11160294375927696,0.00516384180790963
elec,time,1,2,100,0.08652542372881356,0.056257062146892654,0.6284251412429379,0.12596724822342162,-0.013474576271186423
elec,time,1,2,300,0.08652542372881356,0.05381355932203389,0.7349929378531074,0.12244499006702504,-0.00014124293785311437
elec,time,1,2,1000,0.08652542372881356,0.04213653483992467,0.7520466101694916,0.13268668043943044,-0.009474576271186419
elec,time,1,2,5000,0.08652542372881356,0.0385632768361582,0.8001546610169492,0.13157088250246068,-0.006874576271186372
elec,time,1,3,100,0.14792542372881357,0.514020715630885,0.96142302259887,0.583384224056187,-0.08347457627118637
elec,time,1,3,300,0.14792542372881357,0.46977871939736343,0.983447504708098,0.5078581549544092,-0.08347457627118637
elec,time,1,3,1000,0.14792542372881357,0.4822099811676083,0.9856144067796611,0.5000380445559724,-0.07847457627118637
elec,time,1,3,5000,0.14792542372881357,0.4914981167608287,0.9923915960451978,0.5166577951319408,-0.08147457627118637
elec,time,1,4,100,0.21352542372881356,0.49630885122410545,1.0,0.6434345919908853,-0.10347457627118639
elec,time,1,4,300,0.21352542372881356,0.4969161958568738,0.9999905838041431,0.6406862225491148,-0.10347457627118639
elec,time,1,4,1000,0.21352542372881356,0.48517608286252356,1.0,0.6285952465937646,-0.10347457627118639
elec,time,1,4,5000,0.21352542372881356,0.4929766478342749,1.0,0.6421499781871147,-0.1084745762711864
elec,time,1,5,100,0.2585254237288136,0.6003201506591337,1.0,0.7953642571540853,-0.13347457627118642
elec,time,1,5,300,0.2585254237288136,0.6044114877589454,1.0,0.7852222390475878,-0.13347457627118642
elec,time,1,5,1000,0.2585254237288136,0.6027165725047081,1.0,0.7864445249658383,-0.13047457627118642
elec,time,1,5,5000,0.2585254237288136,0.5993077212806027,1.0,0.7832935963859112,-0.1266745762711864
elec,time,1,6,100,0.10472542372881355,0.5019632768361582,1.0,0.49051453170800297,-0.02347457627118643
elec,time,1,6,300,0.10472542372881355,0.4988888888888889,1.0,0.480565079914479,-0.06014124293785306
elec,time,1,6,1000,0.10472542372881355,0.4904802259887005,1.0,0.46536540728802733,-0.05847457627118646
elec,time,1,6,5000,0.10472542372881355,0.48956214689265537,1.0,0.4656027538316765,-0.061274576271186376
elec,time,1,7,100,0.03652542372881362,0.39785781544256116,0.9999929378531073,0.27884719803575864,-0.013474576271186423
elec,time,1,7,300,0.03652542372881362,0.3827306967984934,0.9998611111111111,0.276352813501635,-0.04347457627118645
elec,time,1,7,1000,0.03652542372881362,0.38225612052730695,0.9999223163841807,0.2627472769947973,-0.05347457627118646
elec,time,1,7,5000,0.03652542372881362,0.3837340866290018,1.0,0.2553883984294722,-0.05227457627118637
elec,time,2,3,100,0.05800225988700558,0.4718408662900188,0.9737217514124294,0.40747836609546934,-0.09019774011299442
elec,time,2,3,300,0.05800225988700558,0.4744962335216572,0.9781014595103578,0.4183915814539852,-0.09686440677966102
elec,time,2,3,1000,0.05800225988700558,0.476268361581921,0.9856726694915255,0.42628323294579074,-0.11419774011299433
elec,time,2,3,5000,0.05800225988700558,0.47446026365348387,0.9883914194915253,0.41991350484817364,-0.1205977401129944
elec,time,2,4,100,0.1454022598870056,0.5169444444444444,1.0,0.5622896919892298,-0.15019774011299436
elec,time,2,4,300,0.1454022598870056,0.48120527306967986,0.9989854048964218,0.49662036388538705,-0.13019774011299434
elec,time,2,4,1000,0.1454022598870056,0.4850480225988701,1.0,0.5116280991735538,-0.12519774011299434
elec,time,2,4,5000,0.1454022598870056,0.48539227871939733,0.9999996468926553,0.5119744299699617,-0.12699774011299436
elec,time,2,5,100,0.19440225988700566,0.6075188323917138,0.999978813559322,0.6729296431183951,-0.16019774011299437
elec,time,2,5,300,0.19440225988700566,0.6053578154425612,1.0,0.6602545485673377,-0.16353107344632767
elec,time,2,5,1000,0.19440225988700566,0.594979284369115,1.0,0.6453528816672115,-0.15719774011299437
elec,time,2,5,5000,0.19440225988700566,0.5891519774011299,1.0,0.6433079796423403,-0.1597977401129944
elec,time,2,6,100,0.10240225988700558,0.49770715630885126,1.0,0.40489965136729394,-0.11019774011299432
elec,time,2,6,300,0.10240225988700558,0.4889265536723164,0.9999999999999999,0.40969654168806713,-0.12686440677966104
elec,time,2,6,1000,0.10240225988700558,0.4803813559322034,0.9994389124293785,0.3869518840173694,-0.11719774011299433
elec,time,2,6,5000,0.10240225988700558,0.47793069679849337,0.9999911723163842,0.39494082115453466,-0.11439774011299442
elec,time,2,7,100,0.019002259887005657,0.38805084745762713,1.0,0.2163937526264183,-0.020197740112994356
elec,time,2,7,300,0.019002259887005657,0.3893126177024482,0.999708097928437,0.22868546793046024,-0.036864406779661074
elec,time,2,7,1000,0.019002259887005657,0.38696892655367227,1.0,0.21903557921277492,-0.041197740112994374
elec,time,2,7,5000,0.019002259887005657,0.3776401129943503,1.0,0.19359767941355,-0.05079774011299443
elec,time,3,4,100,0.1840632768361582,0.2863370998116761,0.9155543785310735,0.3522128514421009,-0.010536723163841799
elec,time,3,4,300,0.1840632768361582,0.2782956685499059,0.9485758003766478,0.35573431189105065,0.002796610169491509
elec,time,3,4,1000,0.1840632768361582,0.24942278719397362,0.9602019774011298,0.32164921188560075,-0.014536723163841803
elec,time,3,4,5000,0.1840632768361582,0.243445197740113,0.9597033898305084,0.31477062934098743,-0.0125367231638418
elec,time,3,5,100,0.21466327683615816,0.35687382297551795,0.9077930790960452,0.44815115567908637,-0.060536723163841843
elec,time,3,5,300,0.21466327683615816,0.3639830508474576,0.9592372881355932,0.45317813262605894,-0.023870056497175107
elec,time,3,5,1000,0.21466327683615816,0.34970621468926555,0.9735642655367232,0.44081107659515195,-0.009536723163841798
elec,time,3,5,5000,0.21466327683615816,0.34410828625235407,0.9755748587570623,0.43481980731617215,-0.021136723163841853
elec,time,3,6,100,0.15906327683615817,0.20661016949152544,0.873093220338983,0.2471053978115671,-0.07053672316384185
elec,time,3,6,300,0.15906327683615817,0.1733898305084746,0.9196280602636535,0.22276251809060135,-0.060536723163841843
elec,time,3,6,1000,0.15906327683615817,0.13238041431261768,0.9328220338983051,0.18461218595018802,-0.050536723163841835
elec,time,3,6,5000,0.15906327683615817,0.12883352165725048,0.9468349223163842,0.18304873047880296,-0.047136723163841765
elec,time,3,7,100,0.07646327683615817,0.19541431261770245,0.8867831920903955,0.25984422402674073,0.009463276836158219
elec,time,3,7,300,0.07646327683615817,0.18950564971751413,0.9326012241054614,0.24971345698524292,-0.027203389830508518
elec,time,3,7,1000,0.07646327683615817,0.18373446327683615,0.9535338983050847,0.2445363537825252,0.0034632768361582134
elec,time,3,7,5000,0.07646327683615817,0.1808391713747646,0.9667766596045199,0.2385748875203614,0.00806327683615815
elec,time,4,5,100,0.11555254237288137,0.21930320150659136,0.8463418079096046,0.1864729468018325,0.06415254237288137
elec,time,4,5,300,0.11555254237288137,0.1915160075329567,0.8970303672316383,0.15637479130771595,0.06081920903954807
elec,time,4,5,1000,0.11555254237288137,0.18579661016949153,0.9287528248587571,0.15059501542653364,0.04215254237288135
elec,time,4,5,5000,0.11555254237288137,0.18285781544256122,0.940482168079096,0.15352943649744227,0.04895254237288138
elec,time,4,6,100,0.2059525423728814,0.24631826741996235,0.8646539548022598,0.2596922439930013,0.08415254237288139
elec,time,4,6,300,0.2059525423728814,0.22178436911487756,0.9199340866290018,0.2397315649583951,0.100819209039548
elec,time,4,6,1000,0.2059525423728814,0.21179472693032012,0.955481638418079,0.22323336672409877,0.08815254237288139
elec,time,4,6,5000,0.2059525423728814,0.2060094161958569,0.9640587923728814,0.22188378090315344,0.08655254237288135
elec,time,4,7,100,0.17055254237288142,0.289364406779661,0.8934816384180793,0.37373271360072646,-0.025847457627118597
elec,time,4,7,300,0.17055254237288142,0.26990583804143126,0.9482627118644068,0.3590250831430059,-0.01584745762711859
elec,time,4,7,1000,0.17055254237288142,0.2543295668549906,0.9566518361581919,0.3445240159741421,-0.033847457627118605
elec,time,4,7,5000,0.17055254237288142,0.25418060263653486,0.9658407485875706,0.3449069295187722,-0.02664745762711862
elec,time,5,6,100,0.1473152542372882,0.26833333333333337,0.9155508474576272,0.279584392318111,-0.09008474576271186
elec,time,5,6,300,0.1473152542372882,0.27659133709981165,0.9382627118644068,0.2854229193984427,-0.030084745762711806
elec,time,5,6,1000,0.1473152542372882,0.27998870056497177,0.9616165254237287,0.29635258122480695,-0.03708474576271181
elec,time,5,6,5000,0.1473152542372882,0.28344802259887003,0.9656739053672315,0.299576300864995,-0.05068474576271187
elec,time,5,7,100,0.2381152542372882,0.41956214689265536,0.9746327683615819,0.4772267414566234,-0.11008474576271188
elec,time,5,7,300,0.2381152542372882,0.3876789077212806,0.9727754237288134,0.44116238755875004,-0.11341807909604518
elec,time,5,7,1000,0.2381152542372882,0.3982043314500942,0.9820363700564972,0.45352500553100333,-0.11608474576271188
elec,time,5,7,5000,0.2381152542372882,0.38546534839924673,0.9858538135593221,0.4431631689141427,-0.1208847457627118
elec,time,6,7,100,0.029941242937853163,0.259590395480226,0.9014194915254239,0.35661311771569076,0.1001412429378532
elec,time,6,7,300,0.029941242937853163,0.2391572504708098,0.9562405838041431,0.31986735082194806,0.13347457627118653
elec,time,6,7,1000,0.029941242937853163,0.22936817325800374,0.9551320621468927,0.31753503786690745,0.0951412429378532
elec,time,6,7,5000,0.029941242937853163,0.2280248587570621,0.966914724576271,0.31615003073680503,0.10134124293785318
airlines,carrier,carrier_15,carrier_5,100,0.21300000000000008,0.2,0.941505,0.13754935064935064,0.056400000000000006
airlines,carrier,carrier_15,carrier_5,300,0.21300000000000008,0.18353333333333333,0.9782563333333333,0.10849927849927854,-0.0002666666666666373
airlines,carrier,carrier_15,carrier_5,1000,0.21300000000000008,0.18004,0.9916013000000001,0.10194935064935066,0.02440000000000009
airlines,carrier,carrier_15,carrier_5,5000,0.21300000000000008,0.1718,0.9982148749999998,0.09729220779220782,0.031400000000000095
airlines,carrier,carrier_15,carrier_12,100,0.19640000000000002,0.14708,0.8550390000000001,0.1035,-0.04359999999999997
airlines,carrier,carrier_15,carrier_12,300,0.19640000000000002,0.10610666666666665,0.9635313333333334,0.0844213564213564,-0.06359999999999999
airlines,carrier,carrier_15,carrier_12,1000,0.19640000000000002,0.09731999999999999,0.9861978,0.06474199134199135,-0.02059999999999995
airlines,carrier,carrier_15,carrier_12,5000,0.19640000000000002,0.09636,0.99338035,0.06622857142857143,-0.007399999999999962
airlines,carrier,carrier_15,carrier_1,100,0.25860000000000005,0.19992000000000001,0.979558,0.1224411255411256,0.01640000000000008
airlines,carrier,carrier_15,carrier_1,300,0.25860000000000005,0.16272000000000003,0.9880926666666667,0.0995845598845599,0.013066666666666671
airlines,carrier,carrier_15,carrier_1,1000,0.25860000000000005,0.15688,0.9968792,0.08994069264069265,0.022400000000000087
airlines,carrier,carrier_15,carrier_1,5000,0.25860000000000005,0.15211999999999998,0.9998922499999999,0.08434372294372294,0.0122000000000001
airlines,carrier,carrier_15,carrier_10,100,0.2836,0.14464,0.9592839999999999,0.10120779220779223,-0.013599999999999945
airlines,carrier,carrier_15,carrier_10,300,0.2836,0.11652,0.9915080000000001,0.06039249639249644,0.02306666666666668
airlines,carrier,carrier_15,carrier_10,1000,0.2836,0.11176,0.9994056,0.05780952380952386,0.02740000000000009
airlines,carrier,carrier_15,carrier_10,5000,0.2836,0.11352,0.99998695,0.06685324675324678,0.03160000000000007
airlines,carrier,carrier_15,carrier_14,100,0.2972,0.12799999999999997,0.90496,0.08576493506493507,0.006400000000000072
airlines,carrier,carrier_15,carrier_14,300,0.2972,0.11462666666666668,0.9619643333333334,0.07442727272727273,0.03306666666666669
airlines,carrier,carrier_15,carrier_14,1000,0.2972,0.11303999999999999,0.9907206000000001,0.07783506493506492,0.0024000000000000687
airlines,carrier,carrier_15,carrier_14,5000,0.2972,0.11308,0.9940073249999999,0.08370476190476188,-0.006199999999999983
airlines,carrier,carrier_15,carrier_16,100,0.24060000000000004,0.21260000000000004,0.983852,0.127244155844156,0.056400000000000006
airlines,carrier,carrier_15,carrier_16,300,0.24060000000000004,0.18688,0.9993773333333333,0.07829797979797992,0.02973333333333339
airlines,carrier,carrier_15,carrier_16,1000,0.24060000000000004,0.17292000000000002,0.9999402,0.07901255411255421,0.056400000000000006
airlines,carrier,carrier_15,carrier_16,5000,0.24060000000000004,0.17476000000000003,0.99995005,0.0816129870129871,0.03820000000000001
airlines,carrier,carrier_15,carrier_6,100,0.23240000000000005,0.24827999999999997,0.9561759999999999,0.13004502164502177,0.0464
airlines,carrier,carrier_15,carrier_6,300,0.23240000000000005,0.21933333333333332,0.9869546666666666,0.10244242424242435,0.053066666666666706
airlines,carrier,carrier_15,carrier_6,1000,0.23240000000000005,0.20400000000000001,0.9995394,0.09374415584415594,0.08140000000000003
airlines,carrier,carrier_15,carrier_6,5000,0.23240000000000005,0.2036,0.9999804,0.0905082251082252,0.05500000000000005
airlines,carrier,carrier_5,carrier_15,100,0.09340000000000004,0.19052000000000002,0.923732,0.14423309557774608,0.044600000000000084
airlines,carrier,carrier_5,carrier_15,300,0.09340000000000004,0.17070666666666667,0.9823660000000001,0.11797479790775084,0.037933333333333374
airlines,carrier,carrier_5,carrier_15,1000,0.09340000000000004,0.17616,0.9970877,0.11859029957203994,0.02860000000000007
airlines,carrier,carrier_5,carrier_15,5000,0.09340000000000004,0.17664,0.99838415,0.11886248216833094,0.024800000000000044
airlines,carrier,carrier_5,carrier_12,100,0.08460000000000001,0.2366,0.923772,0.16107218259629097,-0.0653999999999999
airlines,carrier,carrier_5,carrier_12,300,0.08460000000000001,0.21505333333333332,0.9718389999999999,0.144469234427009,-0.038733333333333286
airlines,carrier,carrier_5,carrier_12,1000,0.08460000000000001,0.20248,0.9913886,0.1262085592011412,-0.008399999999999963
airlines,carrier,carrier_5,carrier_12,5000,0.08460000000000001,0.19776,0.99463965,0.1229900142653352,-0.01200000000000001
airlines,carrier,carrier_5,carrier_1,100,0.030400000000000094,0.20796,0.97163,0.1542596291012839,0.08460000000000001
airlines,carrier,carrier_5,carrier_1,300,0.030400000000000094,0.16655999999999999,0.9860893333333333,0.11843214455539708,0.041266666666666674
airlines,carrier,carrier_5,carrier_1,1000,0.030400000000000094,0.16656,0.9926583000000001,0.10557689015691872,0.03260000000000007
airlines,carrier,carrier_5,carrier_1,5000,0.030400000000000094,0.15712,0.996653525,0.1006333808844508,0.033400000000000096
airlines,carrier,carrier_5,carrier_10,100,0.05400000000000005,0.22368000000000002,0.9557500000000001,0.1659771754636234,0.034600000000000075
airlines,carrier,carrier_5,carrier_10,300,0.05400000000000005,0.18541333333333335,0.9887173333333333,0.13608492629576793,0.007933333333333348
airlines,carrier,carrier_5,carrier_10,1000,0.05400000000000005,0.17848,0.9952892,0.11854065620542081,-0.011399999999999966
airlines,carrier,carrier_5,carrier_10,5000,0.05400000000000005,0.17056,0.99868055,0.11389215406562053,-0.009599999999999942
airlines,carrier,carrier_5,carrier_14,100,0.019000000000000017,0.1684,0.981768,0.1434368045649073,0.044600000000000084
airlines,carrier,carrier_5,carrier_14,300,0.019000000000000017,0.15300000000000002,0.9863379999999999,0.1200591535901094,0.024600000000000066
airlines,carrier,carrier_5,carrier_14,1000,0.019000000000000017,0.14056,0.9969407,0.09617717546362342,0.007600000000000051
airlines,carrier,carrier_5,carrier_14,5000,0.019000000000000017,0.13712000000000002,0.99877215,0.09696034236804568,0.019199999999999995
airlines,carrier,carrier_5,carrier_16,100,0.030200000000000005,0.22164,0.9895400000000001,0.16165763195435093,0.014600000000000057
airlines,carrier,carrier_5,carrier_16,300,0.030200000000000005,0.1744666666666667,0.9959673333333333,0.11448292914883498,0.06459999999999999
airlines,carrier,carrier_5,carrier_16,1000,0.030200000000000005,0.1658,0.9993182,0.11640827389443652,0.05460000000000009
airlines,carrier,carrier_5,carrier_16,5000,0.030200000000000005,0.1628,0.9996667749999999,0.11043823109843082,0.04200000000000004
airlines,carrier,carrier_5,carrier_6,100,0.019600000000000062,0.23163999999999998,0.8492850000000001,0.17623908701854485,0.10460000000000003
airlines,carrier,carrier_5,carrier_6,300,0.019600000000000062,0.19676,0.914657,0.13880504041844977,0.027933333333333366
airlines,carrier,carrier_5,carrier_6,1000,0.019600000000000062,0.18256,0.9666669999999999,0.12434778887303846,0.022600000000000064
airlines,carrier,carrier_5,carrier_6,5000,0.019600000000000062,0.18556,0.9802931749999999,0.11805848787446499,0.0018000000000000238
airlines,carrier,carrier_12,carrier_15,100,0.10720000000000002,0.13464,0.8920939999999999,0.14648165137614677,0.08860000000000001
airlines,carrier,carrier_12,carrier_15,300,0.10720000000000002,0.10409333333333333,0.9488386666666666,0.11258448012232415,0.0752666666666667
airlines,carrier,carrier_12,carrier_15,1000,0.10720000000000002,0.10364,0.9793474,0.11547591743119265,0.0726
airlines,carrier,carrier_12,carrier_15,5000,0.10720000000000002,0.09772,0.9911243000000001,0.10949564220183486,0.08620000000000005
airlines,carrier,carrier_12,carrier_5,100,0.022399999999999975,0.23876,0.950034,0.2705866972477064,-0.0013999999999999568
airlines,carrier,carrier_12,carrier_5,300,0.022399999999999975,0.20973333333333333,0.9767133333333334,0.23835611620795105,-0.04473333333333329
airlines,carrier,carrier_12,carrier_5,1000,0.022399999999999975,0.20415999999999998,0.986197,0.23134977064220183,-0.0474
airlines,carrier,carrier_12,carrier_5,5000,0.022399999999999975,0.19344,0.9948356,0.2212809633027523,-0.016599999999999948
airlines,carrier,carrier_12,carrier_1,100,0.023399999999999976,0.25768,0.979142,0.29952866972477066,0.058599999999999985
airlines,carrier,carrier_12,carrier_1,300,0.023399999999999976,0.2288666666666667,0.9799833333333334,0.2655372324159021,0.058599999999999985
airlines,carrier,carrier_12,carrier_1,1000,0.023399999999999976,0.21676,0.996796,0.255225,0.04359999999999997
airlines,carrier,carrier_12,carrier_1,5000,0.023399999999999976,0.2102,0.9984689750000001,0.24799357798165136,0.03160000000000007
airlines,carrier,carrier_12,carrier_10,100,-0.008599999999999941,0.22568000000000002,0.92936,0.243723623853211,-0.031399999999999983
airlines,carrier,carrier_12,carrier_10,300,-0.008599999999999941,0.17541333333333334,0.9580153333333334,0.18820603975535166,0.03193333333333337
airlines,carrier,carrier_12,carrier_10,1000,-0.008599999999999941,0.14816000000000001,0.9863286,0.15693922018348627,0.09360000000000002
airlines,carrier,carrier_12,carrier_10,5000,-0.008599999999999941,0.13812,0.994468925,0.1471100917431193,0.12020000000000003
airlines,carrier,carrier_12,carrier_14,100,0.03260000000000007,0.16996000000000003,0.9795280000000001,0.19048990825688072,0.11860000000000004
airlines,carrier,carrier_12,carrier_14,300,0.03260000000000007,0.16861333333333334,0.9966453333333334,0.18634327217125382,0.058599999999999985
airlines,carrier,carrier_12,carrier_14,1000,0.03260000000000007,0.16484000000000001,0.9979944,0.18402798165137615,0.04259999999999997
airlines,carrier,carrier_12,carrier_14,5000,0.03260000000000007,0.16588,0.9997284,0.18498715596330273,0.03539999999999999
airlines,carrier,carrier_12,carrier_16,100,-0.005199999999999982,0.23016,0.9463460000000001,0.23842201834862387,0.12860000000000005
airlines,carrier,carrier_12,carrier_16,300,-0.005199999999999982,0.1993333333333333,0.987286,0.2038848623853211,0.0819333333333333
airlines,carrier,carrier_12,carrier_16,1000,-0.005199999999999982,0.19404000000000002,0.9941319,0.20267683486238536,0.0716
airlines,carrier,carrier_12,carrier_16,5000,-0.005199999999999982,0.18932000000000002,0.99682915,0.2000990825688074,0.06540000000000001
airlines,carrier,carrier_12,carrier_6,100,0.019600000000000062,0.23163999999999998,0.993322,0.23377431192660553,-0.011399999999999966
airlines,carrier,carrier_12,carrier_6,300,0.019600000000000062,0.20942666666666665,0.991144,0.21274281345565754,-0.024733333333333274
airlines,carrier,carrier_12,carrier_6,1000,0.019600000000000062,0.20903999999999998,0.9964394000000001,0.21290779816513766,0.019600000000000062
airlines,carrier,carrier_12,carrier_6,5000,0.019600000000000062,0.20428000000000002,0.9991084,0.2097561926605505,0.0262
airlines,carrier,carrier_1,carrier_15,100,0.3238,0.18536000000000002,0.942056,0.188139226519337,-0.11960000000000004
airlines,carrier,carrier_1,carrier_15,300,0.3238,0.17582666666666666,0.9955613333333334,0.1730361694290976,-0.0729333333333333
airlines,carrier,carrier_1,carrier_15,1000,0.3238,0.17224,0.9996953,0.16781480662983425,-0.11660000000000004
airlines,carrier,carrier_1,carrier_15,5000,0.3238,0.1534,0.99988465,0.15092022099447513,-0.12819999999999998
airlines,carrier,carrier_1,carrier_5,100,0.09119999999999995,0.19,0.981336,0.18679712707182317,-0.12960000000000005
airlines,carrier,carrier_1,carrier_5,300,0.09119999999999995,0.15156,0.989752,0.15600257826887656,-0.14293333333333336
airlines,carrier,carrier_1,carrier_5,1000,0.09119999999999995,0.1528,0.9938976,0.16794674033149168,-0.14360000000000006
airlines,carrier,carrier_1,carrier_5,5000,0.09119999999999995,0.1494,0.996754525,0.1632391160220994,-0.12480000000000002
airlines,carrier,carrier_1,carrier_12,100,0.09740000000000004,0.23304,0.951994,0.2342017679558011,-0.0696
airlines,carrier,carrier_1,carrier_12,300,0.09740000000000004,0.23302666666666666,0.9736946666666668,0.22735977900552487,-0.10293333333333332
airlines,carrier,carrier_1,carrier_12,1000,0.09740000000000004,0.22176,0.9918654,0.22057569060773483,-0.0686
airlines,carrier,carrier_1,carrier_12,5000,0.09740000000000004,0.20864000000000002,0.997683575,0.20776353591160224,-0.08579999999999999
airlines,carrier,carrier_1,carrier_10,100,0.021399999999999975,0.17484,0.870485,0.16575381215469617,-0.11960000000000004
airlines,carrier,carrier_1,carrier_10,300,0.021399999999999975,0.15796000000000002,0.946712,0.14499521178637206,-0.10293333333333332
airlines,carrier,carrier_1,carrier_10,1000,0.021399999999999975,0.15204,0.974346,0.13971248618784535,-0.09060000000000001
airlines,carrier,carrier_1,carrier_10,5000,0.021399999999999975,0.14364,0.989871175,0.1346994475138122,-0.0766
airlines,carrier,carrier_1,carrier_14,100,-0.0011999999999999789,0.21124,0.970415,0.21351911602209944,-0.1896
airlines,carrier,carrier_1,carrier_14,300,-0.0011999999999999789,0.19256,0.9935936666666666,0.19528081031307548,-0.15626666666666666
airlines,carrier,carrier_1,carrier_14,1000,-0.0011999999999999789,0.176,0.9986912,0.18026254143646406,-0.14560000000000006
airlines,carrier,carrier_1,carrier_14,5000,-0.0011999999999999789,0.16996,0.9996655999999999,0.18109458563535907,-0.14480000000000004
airlines,carrier,carrier_1,carrier_16,100,0.03839999999999999,0.22552000000000003,0.978356,0.2289343646408839,-0.12960000000000005
airlines,carrier,carrier_1,carrier_16,300,0.03839999999999999,0.20974666666666666,0.9942166666666666,0.21497959484346224,-0.16959999999999997
airlines,carrier,carrier_1,carrier_16,1000,0.03839999999999999,0.20272,0.9977695000000001,0.2087235359116022,-0.16959999999999997
airlines,carrier,carrier_1,carrier_16,5000,0.03839999999999999,0.20007999999999998,0.999872525,0.20309215469613257,-0.17320000000000002
airlines,carrier,carrier_1,carrier_6,100,0.04620000000000002,0.32771999999999996,0.986509,0.3353862983425414,-0.26960000000000006
airlines,carrier,carrier_1,carrier_6,300,0.04620000000000002,0.32381333333333334,0.991115,0.33008383057090235,-0.26960000000000006
airlines,carrier,carrier_1,carrier_6,1000,0.04620000000000002,0.31992,0.9994897999999999,0.3336422099447513,-0.25460000000000005
airlines,carrier,carrier_1,carrier_6,5000,0.04620000000000002,0.31088,0.9999024000000001,0.3248130386740331,-0.2512
airlines,carrier,carrier_10,carrier_15,100,0.31880000000000003,0.15924,0.939444,0.16315512195121953,-0.01419999999999999
airlines,carrier,carrier_10,carrier_15,300,0.31880000000000003,0.12546666666666667,0.9970906666666667,0.1463287804878049,-0.007533333333333281
airlines,carrier,carrier_10,carrier_15,1000,0.31880000000000003,0.11204,0.9998052000000001,0.12974048780487807,-0.009199999999999986
airlines,carrier,carrier_10,carrier_15,5000,0.31880000000000003,0.10812,0.999972075,0.12156097560975612,-0.024399999999999977
airlines,carrier,carrier_10,carrier_5,100,0.08840000000000003,0.22224,0.988428,0.2675034146341464,0.04580000000000006
airlines,carrier,carrier_10,carrier_5,300,0.08840000000000003,0.17930666666666667,0.990163,0.21890276422764232,0.0924666666666667
airlines,carrier,carrier_10,carrier_5,1000,0.08840000000000003,0.17604000000000003,0.9960810999999999,0.2086234146341464,0.0908000000000001
airlines,carrier,carrier_10,carrier_5,5000,0.08840000000000003,0.16828,0.9987315750000001,0.20364780487804884,0.0938
airlines,carrier,carrier_10,carrier_12,100,0.10560000000000003,0.18039999999999998,0.895447,0.18510829268292686,-0.1542
airlines,carrier,carrier_10,carrier_12,300,0.10560000000000003,0.15063999999999997,0.9578706666666668,0.16324097560975614,-0.10086666666666666
airlines,carrier,carrier_10,carrier_12,1000,0.10560000000000003,0.1392,0.9840143,0.15345756097560978,-0.07119999999999993
airlines,carrier,carrier_10,carrier_12,5000,0.10560000000000003,0.13988,0.9941572500000001,0.15694829268292687,-0.058599999999999985
airlines,carrier,carrier_10,carrier_1,100,0.03520000000000001,0.16348,0.8684879999999999,0.2085239024390244,0.0958
airlines,carrier,carrier_10,carrier_1,300,0.03520000000000001,0.15734666666666666,0.917816,0.21061333333333335,0.0924666666666667
airlines,carrier,carrier_10,carrier_1,1000,0.03520000000000001,0.14792,0.9754991000000001,0.20523414634146342,0.0798000000000001
airlines,carrier,carrier_10,carrier_1,5000,0.03520000000000001,0.14411999999999997,0.9908908000000001,0.1957951219512195,0.06900000000000006
airlines,carrier,carrier_10,carrier_14,100,0.01540000000000008,0.2008,0.981595,0.2168985365853659,0.0858000000000001
airlines,carrier,carrier_10,carrier_14,300,0.01540000000000008,0.16148,0.9914353333333334,0.18862634146341467,0.015800000000000036
airlines,carrier,carrier_10,carrier_14,1000,0.01540000000000008,0.16856000000000002,0.9977663999999999,0.1959502439024391,0.03080000000000005
airlines,carrier,carrier_10,carrier_14,5000,0.01540000000000008,0.16899999999999998,0.999826225,0.19633268292682932,0.035600000000000076
airlines,carrier,carrier_10,carrier_16,100,0.043399999999999994,0.12708,0.9302379999999999,0.12306341463414638,-0.044199999999999906
airlines,carrier,carrier_10,carrier_16,300,0.043399999999999994,0.13484000000000002,0.9723006666666667,0.15136032520325207,0.022466666666666746
airlines,carrier,carrier_10,carrier_16,1000,0.043399999999999994,0.12916,0.989012,0.14095609756097563,0.014800000000000035
airlines,carrier,carrier_10,carrier_16,5000,0.043399999999999994,0.11912,0.9980161000000001,0.1298965853658537,0.024600000000000066
airlines,carrier,carrier_10,carrier_6,100,0.056400000000000006,0.22796,0.9759219999999998,0.25612585365853663,-0.18419999999999992
airlines,carrier,carrier_10,carrier_6,300,0.056400000000000006,0.22268,0.9845220000000001,0.2516517073170732,-0.1508666666666666
airlines,carrier,carrier_10,carrier_6,1000,0.056400000000000006,0.20823999999999998,0.9918998000000001,0.23556780487804882,-0.12519999999999998
airlines,carrier,carrier_10,carrier_6,5000,0.056400000000000006,0.20332,0.99875115,0.22988097560975618,-0.12759999999999994
airlines,carrier,carrier_14,carrier_15,100,0.3612000000000001,0.13792,0.927166,0.14187812500000002,-0.15699999999999992
airlines,carrier,carrier_14,carrier_15,300,0.3612000000000001,0.12153333333333334,0.9615906666666667,0.12740610119047618,-0.15033333333333332
airlines,carrier,carrier_14,carrier_15,1000,0.3612000000000001,0.10884,0.9873525,0.11568616071428572,-0.15599999999999992
airlines,carrier,carrier_14,carrier_15,5000,0.3612000000000001,0.11543999999999999,0.994482475,0.12261473214285715,-0.1482
airlines,carrier,carrier_14,carrier_5,100,0.12220000000000009,0.17464000000000002,0.988262,0.1877258928571429,-0.1469999999999999
airlines,carrier,carrier_14,carrier_5,300,0.12220000000000009,0.14308,0.9931543333333334,0.15925476190476195,-0.1303333333333333
airlines,carrier,carrier_14,carrier_5,1000,0.12220000000000009,0.13008,0.9956403,0.1428620535714286,-0.121
airlines,carrier,carrier_14,carrier_5,5000,0.12220000000000009,0.12979999999999997,0.9986154500000001,0.14166964285714287,-0.12319999999999998
airlines,carrier,carrier_14,carrier_12,100,0.14060000000000006,0.21148000000000003,0.981929,0.22569955357142862,-0.11699999999999999
airlines,carrier,carrier_14,carrier_12,300,0.14060000000000006,0.1842933333333333,0.997558,0.19664255952380955,-0.09699999999999998
airlines,carrier,carrier_14,carrier_12,1000,0.14060000000000006,0.16364,0.9995776000000001,0.1750575892857143,-0.1359999999999999
airlines,carrier,carrier_14,carrier_12,5000,0.14060000000000006,0.16844,0.999842725,0.18046116071428575,-0.13879999999999992
airlines,carrier,carrier_14,carrier_1,100,0.05900000000000005,0.18456,0.989413,0.19205133928571436,-0.08699999999999997
airlines,carrier,carrier_14,carrier_1,300,0.05900000000000005,0.18158666666666665,0.9937406666666667,0.187418005952381,-0.07366666666666666
airlines,carrier,carrier_14,carrier_1,1000,0.05900000000000005,0.17188,0.9981334,0.18020669642857146,-0.07499999999999996
airlines,carrier,carrier_14,carrier_1,5000,0.05900000000000005,0.17007999999999998,0.999440925,0.18065758928571435,-0.0815999999999999
airlines,carrier,carrier_14,carrier_10,100,0.031200000000000006,0.19648,0.98092,0.2053200892857143,-0.11699999999999999
airlines,carrier,carrier_14,carrier_10,300,0.031200000000000006,0.19442666666666666,0.9935823333333333,0.2057769345238096,-0.15033333333333332
airlines,carrier,carrier_14,carrier_10,1000,0.031200000000000006,0.17852000000000004,0.9981033,0.19118571428571432,-0.126
airlines,carrier,carrier_14,carrier_10,5000,0.031200000000000006,0.16987999999999998,0.9998173,0.1830383928571429,-0.12619999999999998
airlines,carrier,carrier_14,carrier_16,100,0.057800000000000074,0.20215999999999998,0.9707809999999999,0.2163964285714286,-0.1469999999999999
airlines,carrier,carrier_14,carrier_16,300,0.057800000000000074,0.18717333333333336,0.9994843333333333,0.1977486607142858,-0.15366666666666662
airlines,carrier,carrier_14,carrier_16,1000,0.057800000000000074,0.18311999999999998,0.9997181,0.1992450892857143,-0.1439999999999999
airlines,carrier,carrier_14,carrier_16,5000,0.057800000000000074,0.17832,0.9999336,0.19390000000000002,-0.1479999999999999
airlines,carrier,carrier_14,carrier_6,100,0.0868000000000001,0.3106,0.987494,0.3291995535714286,-0.29699999999999993
airlines,carrier,carrier_14,carrier_6,300,0.0868000000000001,0.27325333333333335,0.9914493333333333,0.28495119047619055,-0.2736666666666666
airlines,carrier,carrier_14,carrier_6,1000,0.0868000000000001,0.25539999999999996,0.9992564,0.27351026785714294,-0.2659999999999999
airlines,carrier,carrier_14,carrier_6,5000,0.0868000000000001,0.244,0.9999138000000001,0.2624468750000001,-0.24859999999999993
airlines,carrier,carrier_16,carrier_15,100,0.21520000000000006,0.16944,0.974889,0.12077812499999996,0.06380000000000008
airlines,carrier,carrier_16,carrier_15,300,0.21520000000000006,0.19048,0.9964013333333334,0.13431949404761903,0.07046666666666668
airlines,carrier,carrier_16,carrier_15,1000,0.21520000000000006,0.18396,0.9997461000000001,0.12875758928571426,0.07380000000000009
airlines,carrier,carrier_16,carrier_15,5000,0.21520000000000006,0.17671999999999996,0.99997255,0.12046651785714281,0.06980000000000008
airlines,carrier,carrier_16,carrier_5,100,0.07900000000000007,0.21896,0.986278,0.1872852678571428,0.13380000000000003
airlines,carrier,carrier_16,carrier_5,300,0.07900000000000007,0.17008,0.9950619999999999,0.14393348214285712,0.12713333333333332
airlines,carrier,carrier_16,carrier_5,1000,0.07900000000000007,0.16751999999999997,0.9988281,0.1397035714285714,0.06880000000000008
airlines,carrier,carrier_16,carrier_5,5000,0.07900000000000007,0.16196000000000002,0.99981055,0.13105892857142853,0.06980000000000008
airlines,carrier,carrier_16,carrier_12,100,0.08360000000000001,0.2098,0.936358,0.1519598214285714,0.06380000000000008
airlines,carrier,carrier_16,carrier_12,300,0.08360000000000001,0.20254666666666665,0.9817473333333333,0.15018779761904757,0.07380000000000009
airlines,carrier,carrier_16,carrier_12,1000,0.08360000000000001,0.19304000000000002,0.9942217,0.14295357142857137,0.03880000000000006
airlines,carrier,carrier_16,carrier_12,5000,0.08360000000000001,0.1946,0.9973554,0.1384089285714285,0.025800000000000045
airlines,carrier,carrier_16,carrier_1,100,0.04800000000000004,0.23503999999999997,0.9833,0.19312723214285707,0.14380000000000004
airlines,carrier,carrier_16,carrier_1,300,0.04800000000000004,0.2228533333333333,0.9948826666666666,0.18166622023809514,0.08379999999999999
airlines,carrier,carrier_16,carrier_1,1000,0.04800000000000004,0.20876,0.9980184,0.1701870535714285,0.07380000000000009
airlines,carrier,carrier_16,carrier_1,5000,0.04800000000000004,0.20144,0.99982445,0.16509866071428564,0.0786
airlines,carrier,carrier_16,carrier_10,100,0.021600000000000064,0.18084,0.9381760000000001,0.1365035714285714,0.08379999999999999
airlines,carrier,carrier_16,carrier_10,300,0.021600000000000064,0.12468000000000001,0.9696546666666667,0.08446785714285712,0.0938
airlines,carrier,carrier_16,carrier_10,1000,0.021600000000000064,0.11488000000000001,0.9946918,0.07620357142857141,0.04380000000000006
airlines,carrier,carrier_16,carrier_10,5000,0.021600000000000064,0.11492,0.9976877,0.0763223214285714,0.05680000000000007
airlines,carrier,carrier_16,carrier_14,100,0.015600000000000058,0.23328,0.993602,0.20958348214285713,0.15380000000000005
airlines,carrier,carrier_16,carrier_14,300,0.015600000000000058,0.17181333333333332,0.9990913333333333,0.14120342261904759,0.08379999999999999
airlines,carrier,carrier_16,carrier_14,1000,0.015600000000000058,0.177,0.9998388,0.13688660714285708,0.05680000000000007
airlines,carrier,carrier_16,carrier_14,5000,0.015600000000000058,0.17744,0.999938625,0.13472544642857137,0.06000000000000005
airlines,carrier,carrier_16,carrier_6,100,0.03600000000000003,0.21536,0.968308,0.15757544642857135,-0.07619999999999993
airlines,carrier,carrier_16,carrier_6,300,0.03600000000000003,0.22464,0.9919680000000001,0.16492038690476185,-0.03620000000000001
airlines,carrier,carrier_16,carrier_6,1000,0.03600000000000003,0.21700000000000003,0.9933411999999999,0.15814553571428566,-0.03520000000000001
airlines,carrier,carrier_16,carrier_6,5000,0.03600000000000003,0.21075999999999998,0.997975375,0.14944107142857138,-0.05279999999999996
airlines,carrier,carrier_6,carrier_15,100,0.16460000000000002,0.2484,0.980454,0.19512747252747253,0.009800000000000031
airlines,carrier,carrier_6,carrier_15,300,0.16460000000000002,0.22513333333333332,0.9958773333333334,0.16393675213675213,0.03980000000000006
airlines,carrier,carrier_6,carrier_15,1000,0.16460000000000002,0.21260000000000004,0.9995565999999999,0.14445347985347984,0.058800000000000074
airlines,carrier,carrier_6,carrier_15,5000,0.16460000000000002,0.202,0.99998045,0.135240293040293,0.06820000000000004
airlines,carrier,carrier_6,carrier_5,100,0.03180000000000005,0.21656,0.868971,0.19621684981684978,0.0998
airlines,carrier,carrier_6,carrier_5,300,0.03180000000000005,0.20861333333333337,0.9274283333333333,0.18308156288156283,0.13646666666666668
airlines,carrier,carrier_6,carrier_5,1000,0.03180000000000005,0.20183999999999996,0.9675069000000001,0.17718131868131862,0.11280000000000001
airlines,carrier,carrier_6,carrier_5,5000,0.03180000000000005,0.19460000000000002,0.9808226999999999,0.1701567765567765,0.08920000000000006
airlines,carrier,carrier_6,carrier_12,100,0.0766,0.23211999999999997,0.9627779999999999,0.16504652014652016,0.049800000000000066
airlines,carrier,carrier_6,carrier_12,300,0.0766,0.21869333333333332,0.9928980000000001,0.14464529914529914,0.02313333333333334
airlines,carrier,carrier_6,carrier_12,1000,0.0766,0.20484,0.9984907,0.12972637362637363,0.025800000000000045
airlines,carrier,carrier_6,carrier_12,5000,0.0766,0.20184000000000002,0.99860285,0.12205934065934067,0.01980000000000004
airlines,carrier,carrier_6,carrier_1,100,0.039000000000000035,0.3476,0.98505,0.28774432234432223,0.1698
airlines,carrier,carrier_6,carrier_1,300,0.039000000000000035,0.32752,0.9986466666666667,0.2575592185592185,0.11646666666666672
airlines,carrier,carrier_6,carrier_1,1000,0.039000000000000035,0.32044,0.9998894,0.2509934065934065,0.10980000000000001
airlines,carrier,carrier_6,carrier_1,5000,0.039000000000000035,0.3104,0.9999610999999999,0.24030109890109885,0.10499999999999998
airlines,carrier,carrier_6,carrier_10,100,0.026800000000000046,0.24499999999999997,0.963573,0.1859981684981685,0.08979999999999999
airlines,carrier,carrier_6,carrier_10,300,0.026800000000000046,0.22508,0.9927026666666667,0.1509196581196581,0.06646666666666667
airlines,carrier,carrier_6,carrier_10,1000,0.026800000000000046,0.22016000000000005,0.9992160000000001,0.15185128205128204,0.059800000000000075
airlines,carrier,carrier_6,carrier_10,5000,0.026800000000000046,0.20876,0.99955455,0.13774725274725275,0.06240000000000001
airlines,carrier,carrier_6,carrier_14,100,0.035600000000000076,0.27928,0.985736,0.22483736263736262,0.14980000000000004
airlines,carrier,carrier_6,carrier_14,300,0.035600000000000076,0.25750666666666666,0.9964486666666666,0.19619279609279605,0.11646666666666672
airlines,carrier,carrier_6,carrier_14,1000,0.035600000000000076,0.25096,0.9995892999999999,0.18186739926739925,0.11380000000000001
airlines,carrier,carrier_6,carrier_14,5000,0.035600000000000076,0.24596,0.9999290500000001,0.17839413919413916,0.10940000000000005
airlines,carrier,carrier_6,carrier_16,100,0.03420000000000001,0.22604000000000002,0.976088,0.15885018315018315,0.03980000000000006
airlines,carrier,carrier_6,carrier_16,300,0.03420000000000001,0.22161333333333336,0.9914396666666667,0.15808754578754577,0.03313333333333335
airlines,carrier,carrier_6,carrier_16,1000,0.03420000000000001,0.21404,0.9969525,0.1417783882783883,0.037800000000000056
airlines,carrier,carrier_6,carrier_16,5000,0.03420000000000001,0.21036000000000002,0.998119875,0.1383157509157509,0.06779999999999997
covtype,wilderness,area1,area3,100,0.242,0.071524,0.961522,0.2266192482004799,-0.008000000000000007
covtype,wilderness,area1,area3,300,0.242,0.068492,0.9829613333333334,0.18923986492490893,-0.014666666666666606
covtype,wilderness,area1,area3,1000,0.242,0.067248,0.9907862000000001,0.18408707011463613,-0.0050000000000000044
covtype,wilderness,area1,area3,5000,0.242,0.06616799999999999,0.9950392499999999,0.1761505731804852,-0.009599999999999942
covtype,wilderness,area1,area4,100,0.807,0.13263999999999998,0.9998440000000001,0.7660262330045323,-0.09799999999999998
covtype,wilderness,area1,area4,300,0.807,0.12958933333333333,0.9999973333333334,0.7643967830800678,-0.09466666666666668
covtype,wilderness,area1,area4,1000,0.807,0.12690799999999997,0.9999868000000001,0.7615013063183155,-0.09399999999999997
covtype,wilderness,area1,area4,5000,0.807,0.126828,0.99999925,0.7601055718475076,-0.09599999999999997
covtype,wilderness,area1,area2,100,0.24460000000000004,0.073136,0.9806879999999999,0.45789042921887513,-0.018000000000000016
covtype,wilderness,area1,area2,300,0.24460000000000004,0.07408533333333332,0.993684,0.4585757220296811,-0.011333333333333306
covtype,wilderness,area1,area2,1000,0.24460000000000004,0.071628,0.9980007999999999,0.4568794454812052,-0.018000000000000016
covtype,wilderness,area1,area2,5000,0.24460000000000004,0.072592,0.9988242500000001,0.45807827246067734,-0.005599999999999938
covtype,wilderness,area3,area1,100,0.27360000000000007,0.071708,0.942192,0.1506570883315159,0.045600000000000085
covtype,wilderness,area3,area1,300,0.27360000000000007,0.06898533333333334,0.9755066666666667,0.15045047255543445,0.022266666666666657
covtype,wilderness,area3,area1,1000,0.27360000000000007,0.06689600000000001,0.9900435999999999,0.15591510359869146,0.02960000000000007
covtype,wilderness,area3,area1,5000,0.27360000000000007,0.06682800000000001,0.9948652,0.15068555070883324,0.0242
covtype,wilderness,area3,area4,100,-0.012599999999999945,0.110276,0.998526,0.573050654307525,-0.0043999999999999595
covtype,wilderness,area3,area4,300,-0.012599999999999945,0.10645333333333333,0.998386,0.5655207924391136,-0.034399999999999986
covtype,wilderness,area3,area4,1000,-0.012599999999999945,0.10376800000000001,0.9986735999999999,0.5621123227917125,-0.056400000000000006
covtype,wilderness,area3,area4,5000,-0.012599999999999945,0.103296,0.9991178,0.5574220828789536,-0.05019999999999991
covtype,wilderness,area3,area2,100,0.21940000000000004,0.06280000000000001,0.978772,0.37439558342420975,-0.034399999999999986
covtype,wilderness,area3,area2,300,0.21940000000000004,0.05597866666666668,0.9883326666666667,0.3335133224282083,-0.017733333333333268
covtype,wilderness,area3,area2,1000,0.21940000000000004,0.05467599999999999,0.9961750000000001,0.3299380588876775,-0.03539999999999999
covtype,wilderness,area3,area2,5000,0.21940000000000004,0.055488,0.99781345,0.331045965103599,-0.02059999999999995
covtype,wilderness,area4,area1,100,0.5569999999999999,0.134092,0.999996,0.7318582560296852,0.03300000000000003
covtype,wilderness,area4,area1,300,0.5569999999999999,0.13040000000000002,0.9998766666666667,0.7077718820861683,0.03300000000000003
covtype,wilderness,area4,area1,1000,0.5569999999999999,0.127212,0.9999918,0.6977897340754489,0.03200000000000003
covtype,wilderness,area4,area1,5000,0.5569999999999999,0.127,0.9999928,0.6988991960420537,0.03500000000000003
covtype,wilderness,area4,area3,100,0.48319999999999996,0.10488800000000001,0.9899479999999999,0.6313306122448984,0.03300000000000003
covtype,wilderness,area4,area3,300,0.48319999999999996,0.10158266666666665,0.9940656666666667,0.6216502989074423,0.02966666666666662
covtype,wilderness,area4,area3,1000,0.48319999999999996,0.10343200000000001,0.9968771999999999,0.6214368583797161,0.06399999999999995
covtype,wilderness,area4,area3,5000,0.48319999999999996,0.10253599999999999,0.9987997999999999,0.6195769944341378,0.06059999999999999
covtype,wilderness,area4,area2,100,0.3792,0.113016,0.999966,0.6214926406926411,0.02300000000000002
covtype,wilderness,area4,area2,300,0.3792,0.11430799999999999,0.999992,0.6175731601731606,0.02966666666666662
covtype,wilderness,area4,area2,1000,0.3792,0.11120800000000002,0.9999998,0.6100896722325299,0.040000000000000036
covtype,wilderness,area4,area2,5000,0.3792,0.10974400000000001,1.0,0.6053202226345087,0.035599999999999965
covtype,wilderness,area2,area1,100,0.5214000000000001,0.082376,0.988364,0.37568676228544573,0.0806
covtype,wilderness,area2,area1,300,0.5214000000000001,0.07758266666666666,0.9929873333333333,0.3388804608511641,0.0806
covtype,wilderness,area2,area1,1000,0.5214000000000001,0.07592,0.997291,0.3375597930872327,0.0716
covtype,wilderness,area2,area1,5000,0.5214000000000001,0.074688,0.99901615,0.3375904067716907,0.0806
covtype,wilderness,area2,area3,100,0.4476,0.065816,0.993504,0.3360643780860571,0.10060000000000002
covtype,wilderness,area2,area3,300,0.4476,0.059924,0.98817,0.31462003291794044,0.09393333333333331
covtype,wilderness,area2,area3,1000,0.4476,0.05651599999999999,0.9936508,0.28756957441805797,0.10560000000000003
covtype,wilderness,area2,area3,5000,0.4476,0.056012000000000006,0.99722305,0.2927337408887845,0.10760000000000003
covtype,wilderness,area2,area4,100,0.516,0.11257199999999999,0.9999999999999999,0.47424782506466057,0.14060000000000006
covtype,wilderness,area2,area4,300,0.516,0.10923866666666666,1.0,0.45394886746610263,0.15060000000000007
covtype,wilderness,area2,area4,1000,0.516,0.11042400000000001,1.0,0.4570818716200331,0.12660000000000005
covtype,wilderness,area2,area4,5000,0.516,0.10981999999999999,1.0,0.45609781330825316,0.12380000000000002
