dataset,attr,source,target,model,seed,n_train,n_val,n_tgt,acc_s,acc_t,delta,prior_s,prior_t,cov_part,yx_part,secs,ks_mean,ks_max,wass_mean,psi_mean,mmd,dc_auc,iws_wass,iws_ks,conf_drop,pred_shift,atc_drop,iw_drop,disagree_inc
elec,time,0,1,logreg,1,4248,1416,5000,0.8283898305084746,0.7864,0.0419898305084746,0.4074858757062147,0.4798,0.15686404909037588,-0.11487421858190128,0.03932452201843262,0.11700433145009416,0.3613728813559322,0.1825554632456516,0.4363628034671086,0.07062045252937821,0.9307753354519773,0.33528933658514487,0.31671326227503055,0.06959955080234237,0.005046754485273142,0.0883898305084746,0.15686404909037588,0.10303050847457627
elec,time,0,1,gbdt,1,4248,1416,5000,0.8594632768361582,0.748,0.1114632768361582,0.4074858757062147,0.4798,0.09139738176490042,0.020065895071257778,0.06443572044372559,0.11700433145009416,0.3613728813559322,0.1825554632456516,0.4363628034671086,0.07062045252937821,0.9307753354519773,0.3408065810495128,0.2966340640301318,0.0949763136006525,0.03931943026049767,0.07206327683615821,0.09139738176490042,0.10303050847457627
elec,time,0,1,mlp,1,4248,1416,5000,0.838276836158192,0.8056,0.03267683615819206,0.4074858757062147,0.4798,0.1425277027606423,-0.10985086660245025,0.049506425857543945,0.11700433145009416,0.3613728813559322,0.1825554632456516,0.4363628034671086,0.07062045252937821,0.9307753354519773,0.3555906175306746,0.318441397166351,0.084227618657858,0.012490127239410287,0.116876836158192,0.1425277027606423,0.07795480225988699
elec,time,0,2,logreg,1,4248,1416,5000,0.8283898305084746,0.7456,0.08278983050847455,0.4074858757062147,0.4452,0.17755437113733097,-0.09476454062885642,0.03315329551696777,0.10391525423728813,0.3376813559322034,0.18276551452803125,0.28049390893920606,0.06751295685628722,0.9312261652542371,0.35253971812600804,0.2636857059650699,0.056416450177534716,0.06844707012558049,0.053589830508474545,0.17755437113733097,0.06963050847457626
elec,time,0,2,gbdt,1,4248,1416,5000,0.8594632768361582,0.759,0.10046327683615819,0.4074858757062147,0.4452,0.07149529648851316,0.028967980347645028,0.06161189079284668,0.10391525423728813,0.3376813559322034,0.18276551452803125,0.28049390893920606,0.06751295685628722,0.9312261652542371,0.3541658409469859,0.24994180996404725,0.07186278130194357,0.01710456214089956,0.05106327683615819,0.07149529648851316,0.06963050847457626
elec,time,0,2,mlp,1,4248,1416,5000,0.838276836158192,0.7652,0.07307683615819205,0.4074858757062147,0.4452,0.15223703458712,-0.07916019842892796,0.04938483238220215,0.10391525423728813,0.3376813559322034,0.18276551452803125,0.28049390893920606,0.06751295685628722,0.9312261652542371,0.37082480089550235,0.2670783896307306,0.06753642639071411,0.03888980944178466,0.09807683615819207,0.15223703458712,0.024554802259887
elec,time,0,3,logreg,1,4248,1416,5000,0.8283898305084746,0.6988,0.1295898305084746,0.4074858757062147,0.3988,0.23902864791567224,-0.10943881740719763,0.029387712478637695,0.39815442561205266,0.7428,68986591674950.445,0.1842164338632474,0.6245736526097216,0.997101518361582,0.6581474985885334,0.34173660750688534,-0.04460805300898163,0.21681812860276192,-0.08761016949152545,0.23902864791567224,-0.03296949152542372
elec,time,0,3,gbdt,1,4248,1416,5000,0.8594632768361582,0.7224,0.13706327683615815,0.4074858757062147,0.3988,0.13026436582130385,0.006798911014854303,0.05783224105834961,0.39815442561205266,0.7428,68986591674950.445,0.1842164338632474,0.6245736526097216,0.997101518361582,0.568340826853209,0.29661155897962677,-0.053204828473936816,0.22412864098469928,-0.059136723163841776,0.13026436582130385,-0.03296949152542372
elec,time,0,3,mlp,1,4248,1416,5000,0.838276836158192,0.7132,0.1250768361581921,0.4074858757062147,0.3988,0.23898572189238054,-0.11390888573418845,0.06540584564208984,0.39815442561205266,0.7428,68986591674950.445,0.1842164338632474,0.6245736526097216,0.997101518361582,0.6276617393619776,0.3268014056369317,-0.058621539791666066,0.22725960659997113,-0.06792316384180797,0.23898572189238054,-0.036445197740113
elec,time,0,4,logreg,1,4248,1416,5000,0.8283898305084746,0.6398,0.18858983050847455,0.4074858757062147,0.4056,2.220446049250313e-16,0.18858983050847433,0.028356313705444336,0.5017241054613936,0.821,128936048767252.27,0.44630129277810965,0.8775280468273865,0.9999491525423728,0.9449667309712808,0.6641120258272801,-0.09981418263991049,0.27959025150431654,-0.13761016949152538,2.220446049250313e-16,-0.061369491525423724
elec,time,0,4,gbdt,1,4248,1416,5000,0.8594632768361582,0.6686,0.19086327683615822,0.4074858757062147,0.4056,1.1102230246251565e-16,0.1908632768361581,0.04741168022155762,0.5017241054613936,0.821,128936048767252.27,0.44630129277810965,0.8775280468273865,0.9999491525423728,0.8371300534715594,0.5821205108714261,-0.09050680846014947,0.28584056848912426,-0.08853672316384176,1.1102230246251565e-16,-0.061369491525423724
elec,time,0,4,mlp,1,4248,1416,5000,0.838276836158192,0.6544,0.18387683615819206,0.4074858757062147,0.4056,1.1102230246251565e-16,0.18387683615819195,0.04217672348022461,0.5017241054613936,0.821,128936048767252.27,0.44630129277810965,0.8775280468273865,0.9999491525423728,0.9173472275151783,0.640484795307618,-0.10210595313479198,0.28196008837523023,-0.11272316384180792,1.1102230246251565e-16,-0.060245197740113
elec,time,0,5,logreg,1,4248,1416,5000,0.8283898305084746,0.6084,0.21998983050847454,0.4074858757062147,0.4066,2.220446049250313e-16,0.21998983050847432,0.035814762115478516,0.60900263653484,0.9514,111441983408582.58,0.7191167046054052,1.1010004091889458,1.0,1.1206065035088768,0.8580167353119825,-0.12719148675169334,0.33701050895992724,-0.16401016949152536,2.220446049250313e-16,-0.10156949152542373
elec,time,0,5,gbdt,1,4248,1416,5000,0.8594632768361582,0.6122,0.24726327683615823,0.4074858757062147,0.4066,1.1102230246251565e-16,0.24726327683615812,0.04018735885620117,0.60900263653484,0.9514,111441983408582.58,0.7191167046054052,1.1010004091889458,1.0,0.9880390488428115,0.7472340126690635,-0.12893579962804358,0.3689647348586056,-0.1253367231638418,1.1102230246251565e-16,-0.10156949152542373
elec,time,0,5,mlp,1,4248,1416,5000,0.838276836158192,0.6082,0.23007683615819208,0.4074858757062147,0.4066,1.1102230246251565e-16,0.23007683615819197,0.04144906997680664,0.60900263653484,0.9514,111441983408582.58,0.7191167046054052,1.1010004091889458,1.0,1.0843839094982786,0.8241058415042474,-0.13747420190552462,0.35196905160935626,-0.15192316384180793,1.1102230246251565e-16,-0.088845197740113
elec,time,0,6,logreg,1,4248,1416,5000,0.8283898305084746,0.7624,0.06598983050847462,0.4074858757062147,0.3908,2.220446049250313e-16,0.0659898305084744,0.02771306037902832,0.4347067796610169,0.7584,112436508235637.45,0.24531829503666505,0.6972393114161402,1.0,0.5836534965174589,0.4808155204979074,-0.04422275232966577,0.12987724137523693,-0.05321016949152546,2.220446049250313e-16,-0.022969491525423727
elec,time,0,6,gbdt,1,4248,1416,5000,0.8594632768361582,0.7552,0.10426327683615821,0.4074858757062147,0.3908,1.1102230246251565e-16,0.1042632768361581,0.05798625946044922,0.4347067796610169,0.7584,112436508235637.45,0.24531829503666505,0.6972393114161402,1.0,0.5067598111078968,0.414473551104263,-0.04123080839948812,0.13021754990903706,-0.041736723163841805,1.1102230246251565e-16,-0.022969491525423727
elec,time,0,6,mlp,1,4248,1416,5000,0.838276836158192,0.7642,0.07407683615819205,0.4074858757062147,0.3908,1.1102230246251565e-16,0.07407683615819194,0.04568767547607422,0.4347067796610169,0.7584,112436508235637.45,0.24531829503666505,0.6972393114161402,1.0,0.558419720309752,0.4583864191019587,-0.04328078050479511,0.13105117482283002,-0.02232316384180799,1.1102230246251565e-16,-0.023445197740113
elec,time,0,7,logreg,1,4248,1416,5000,0.8283898305084746,0.8068,0.021589830508474628,0.4074858757062147,0.471,2.220446049250313e-16,0.021589830508474406,0.03457236289978027,0.3656898305084746,0.7332,84078746564813.83,0.11843978001360138,0.6416325948942446,1.0,0.2441000424829952,0.12732003111920986,0.018795994099532365,0.0587923133165541,-0.01601016949152545,2.220446049250313e-16,0.011630508474576279
elec,time,0,7,gbdt,1,4248,1416,5000,0.8594632768361582,0.7986,0.06086327683615822,0.4074858757062147,0.471,1.1102230246251565e-16,0.06086327683615811,0.06102275848388672,0.3656898305084746,0.7332,84078746564813.83,0.11843978001360138,0.6416325948942446,1.0,0.23891561596979494,0.12573094401643553,0.023923554065801378,0.027676355226538774,0.006263276836158238,1.1102230246251565e-16,0.011630508474576279
elec,time,0,7,mlp,1,4248,1416,5000,0.838276836158192,0.8202,0.018076836158192,0.4074858757062147,0.471,1.1102230246251565e-16,0.01807683615819189,0.05051589012145996,0.3656898305084746,0.7332,84078746564813.83,0.11843978001360138,0.6416325948942446,1.0,0.252130875124998,0.131960367271594,0.020003850003605828,0.036768489582866326,0.014676836158192041,1.1102230246251565e-16,-0.020045197740113
elec,time,1,2,logreg,1,4248,1416,5000,0.846045197740113,0.7842,0.06184519774011299,0.4774011299435028,0.449,-0.030313489630032775,0.09215868737014576,0.03368782997131348,0.03450131826741996,0.1214090395480226,0.06400957892134676,0.02394937412304531,0.008011781530828266,0.7989091631355932,0.24171642365931284,0.12091530983291258,-8.191807467483603e-05,0.08153884941120987,0.002045197740113025,-0.030313489630032775,-0.0004022598870056515
elec,time,1,2,gbdt,1,4248,1416,5000,0.8580508474576272,0.786,0.07205084745762713,0.4774011299435028,0.449,-0.021565429014030246,0.09361627647165738,0.06160426139831543,0.03450131826741996,0.1214090395480226,0.06400957892134676,0.02394937412304531,0.008011781530828266,0.7989091631355932,0.2281040687372014,0.1145924485237532,-0.0063003788369045965,0.10166479608278567,-0.002749152542372846,-0.021565429014030246,-0.0004022598870056515
elec,time,1,2,mlp,1,4248,1416,5000,0.856638418079096,0.792,0.06463841807909598,0.4774011299435028,0.449,-0.019688248842666844,0.08432666692176283,0.058606624603271484,0.03450131826741996,0.1214090395480226,0.06400957892134676,0.02394937412304531,0.008011781530828266,0.7989091631355932,0.2275259313730191,0.11428038148551288,-0.002124785956787223,0.08578705131089276,-0.0033615819209039666,-0.019688248842666844,0.009077966101694916
elec,time,1,3,logreg,1,4248,1416,5000,0.846045197740113,0.7232,0.12284519774011304,0.4774011299435028,0.4008,-0.050528141688161776,0.17337333942827482,0.027916431427001953,0.49205122410546137,0.745,69559538570430.37,0.43210286065075065,0.6284496225067409,0.9916076977401128,1.2024414225223032,0.5729898830989302,-0.09435253750359118,0.31805134428073434,-0.10435480225988703,-0.050528141688161776,-0.05500225988700565
elec,time,1,3,gbdt,1,4248,1416,5000,0.8580508474576272,0.7264,0.13165084745762712,0.4774011299435028,0.4008,-0.038390351097747466,0.17004119855537458,0.04964947700500488,0.49205122410546137,0.745,69559538570430.37,0.43210286065075065,0.6284496225067409,0.9916076977401128,1.1395910155867695,0.5421729932240928,-0.06393977255085215,0.3183468262863357,-0.09114915254237288,-0.038390351097747466,-0.05500225988700565
elec,time,1,3,mlp,1,4248,1416,5000,0.856638418079096,0.7046,0.15203841807909602,0.4774011299435028,0.4008,-0.0408529871753035,0.19289140525439952,0.060587406158447266,0.49205122410546137,0.745,69559538570430.37,0.43210286065075065,0.6284496225067409,0.9916076977401128,1.134494648349799,0.5399680024583307,-0.09104221469487594,0.32804365164880184,-0.09096158192090398,-0.0408529871753035,-0.017122033898305085
elec,time,1,4,logreg,1,4248,1416,5000,0.846045197740113,0.6472,0.198845197740113,0.4774011299435028,0.411,0.0,0.198845197740113,0.026815414428710938,0.4893282485875707,0.821,129086849536205.7,0.47432506159545534,0.8940982941075213,1.0,1.8441058507320216,0.7256516633609807,-0.12540167716313155,0.37757591142307506,-0.127754802259887,0.0,-0.06920225988700565
elec,time,1,4,gbdt,1,4248,1416,5000,0.8580508474576272,0.6522,0.20585084745762716,0.4774011299435028,0.411,1.1102230246251565e-16,0.20585084745762705,0.045946598052978516,0.4893282485875707,0.821,129086849536205.7,0.47432506159545534,0.8940982941075213,1.0,1.716501630132442,0.6761929951010753,-0.09321577464166941,0.38212939714468674,-0.1211491525423728,1.1102230246251565e-16,-0.06920225988700565
elec,time,1,4,mlp,1,4248,1416,5000,0.856638418079096,0.647,0.209638418079096,0.4774011299435028,0.411,1.1102230246251565e-16,0.2096384180790959,0.04475140571594238,0.4893282485875707,0.821,129086849536205.7,0.47432506159545534,0.8940982941075213,1.0,1.7138443554417297,0.6751199480196372,-0.1170677489485511,0.37517550850774783,-0.11636158192090396,1.1102230246251565e-16,-0.048122033898305085
elec,time,1,5,logreg,1,4248,1416,5000,0.846045197740113,0.6104,0.23564519774011294,0.4774011299435028,0.4066,0.0,0.23564519774011294,0.02337789535522461,0.5977770244821093,0.9508,111578140913845.23,0.7725433213059815,1.1503622722753375,1.0,2.0380198080138583,0.8962318082101213,-0.14702398521603732,0.44093619064493994,-0.14775480225988702,0.0,-0.07660225988700566
elec,time,1,5,gbdt,1,4248,1416,5000,0.8580508474576272,0.6112,0.2468508474576272,0.4774011299435028,0.4066,1.1102230246251565e-16,0.2468508474576271,0.04364585876464844,0.5977770244821093,0.9508,111578140913845.23,0.7725433213059815,1.1503622722753375,1.0,1.8958415349487878,0.8352412868592447,-0.10569202412268552,0.44333319218973843,-0.13554915254237287,1.1102230246251565e-16,-0.07660225988700566
elec,time,1,5,mlp,1,4248,1416,5000,0.856638418079096,0.6094,0.24723841807909597,0.4774011299435028,0.4066,1.1102230246251565e-16,0.24723841807909586,0.03952741622924805,0.5977770244821093,0.9508,111578140913845.23,0.7725433213059815,1.1503622722753375,1.0,1.893028266665299,0.8338251245825653,-0.13776615967604655,0.43780235387183897,-0.13756158192090395,1.1102230246251565e-16,-0.055122033898305084
elec,time,1,6,logreg,1,4248,1416,5000,0.846045197740113,0.7632,0.08284519774011301,0.4774011299435028,0.388,0.0,0.08284519774011301,0.02908921241760254,0.4890103578154426,0.7566,115767023811774.95,0.3493790125797605,0.705395896264014,0.999990466101695,1.334389146337437,0.5125453720399086,-0.08731830330309476,0.1928563930793198,-0.09015480225988703,0.0,-0.04500225988700565
elec,time,1,6,gbdt,1,4248,1416,5000,0.8580508474576272,0.7628,0.09525084745762713,0.4774011299435028,0.388,1.1102230246251565e-16,0.09525084745762702,0.05085420608520508,0.4890103578154426,0.7566,115767023811774.95,0.3493790125797605,0.705395896264014,0.999990466101695,1.2623331982895212,0.485735506128348,-0.059342666751558415,0.19154291218181363,-0.07234915254237284,1.1102230246251565e-16,-0.04500225988700565
elec,time,1,6,mlp,1,4248,1416,5000,0.856638418079096,0.7624,0.09423841807909605,0.4774011299435028,0.388,1.1102230246251565e-16,0.09423841807909594,0.04949951171875,0.4890103578154426,0.7566,115767023811774.95,0.3493790125797605,0.705395896264014,0.999990466101695,1.2570662580322867,0.483660642275881,-0.08060563420714739,0.20571946785730943,-0.07116158192090394,1.1102230246251565e-16,-0.010522033898305083
elec,time,1,7,logreg,1,4248,1416,5000,0.846045197740113,0.847,-0.0009548022598869776,0.4774011299435028,0.4772,0.0,-0.0009548022598869776,0.03165435791015625,0.38136440677966094,0.7322,84459376549902.19,0.12007791290773,0.6312070509221267,1.0,0.4310000111841714,0.2795664487919221,-0.05975602538532554,0.07553654249652864,-0.078354802259887,0.0,-0.03260225988700565
elec,time,1,7,gbdt,1,4248,1416,5000,0.8580508474576272,0.8398,0.018250847457627173,0.4774011299435028,0.4772,1.1102230246251565e-16,0.018250847457627062,0.059253692626953125,0.38136440677966094,0.7322,84459376549902.19,0.12007791290773,0.6312070509221267,1.0,0.40933404317368555,0.263802750154851,-0.044142040478209355,0.08708202829186201,-0.04834915254237282,1.1102230246251565e-16,-0.03260225988700565
elec,time,1,7,mlp,1,4248,1416,5000,0.856638418079096,0.8426,0.014038418079096004,0.4774011299435028,0.4772,1.1102230246251565e-16,0.014038418079095893,0.0475921630859375,0.38136440677966094,0.7322,84459376549902.19,0.12007791290773,0.6312070509221267,1.0,0.4075277771331922,0.2629414287935669,-0.05108492959687749,0.08127859702031681,-0.047361581920904006,1.1102230246251565e-16,-0.006922033898305084
elec,time,2,3,logreg,1,4248,1416,5000,0.7937853107344632,0.762,0.031785310734463224,0.4435028248587571,0.4,-0.033289030232260375,0.0650743409667236,0.021876096725463867,0.46644670433145013,0.7416,69188654851120.79,0.361976334473268,0.619110093560206,0.9904317620056496,0.9049367666639753,0.5003846792352412,-0.07281669472759245,0.18711556765053944,-0.12041468926553678,-0.033289030232260375,-0.026606779661016947
elec,time,2,3,gbdt,1,4248,1416,5000,0.8248587570621468,0.7694,0.05545875706214687,0.4435028248587571,0.4,-0.009604456487747437,0.0650632135498943,0.04054617881774902,0.46644670433145013,0.7416,69188654851120.79,0.361976334473268,0.619110093560206,0.9904317620056496,0.7541833881549622,0.414752743110433,-0.09865270454689867,0.20756032000533006,-0.11674124293785315,-0.009604456487747437,-0.026606779661016947
elec,time,2,3,mlp,1,4248,1416,5000,0.806497175141243,0.7334,0.07309717514124292,0.4435028248587571,0.4,-0.02196373514636507,0.09506091028760799,0.04391765594482422,0.46644670433145013,0.7416,69188654851120.79,0.361976334473268,0.619110093560206,0.9904317620056496,0.7898294140786527,0.4361584013739512,-0.07036798527152055,0.21647921953347493,-0.09770282485875703,-0.02196373514636507,0.0036045197740113
elec,time,2,4,logreg,1,4248,1416,5000,0.7937853107344632,0.6632,0.13058531073446322,0.4435028248587571,0.4092,2.220446049250313e-16,0.130585310734463,0.02272772789001465,0.4798826741996233,0.8198,128324680815662.0,0.41652943314134494,0.8852644664798291,1.0,1.4666577128198373,0.6491438518382053,-0.13353205503653454,0.29580473857125555,-0.1546146892655368,2.220446049250313e-16,-0.07220677966101695
elec,time,2,4,gbdt,1,4248,1416,5000,0.8248587570621468,0.6814,0.14345875706214684,0.4435028248587571,0.4092,1.1102230246251565e-16,0.14345875706214672,0.038701534271240234,0.4798826741996233,0.8198,128324680815662.0,0.41652943314134494,0.8852644664798291,1.0,1.1945530561474738,0.530137596054281,-0.11848142452668964,0.3142776821583996,-0.12954124293785318,1.1102230246251565e-16,-0.07220677966101695
elec,time,2,4,mlp,1,4248,1416,5000,0.806497175141243,0.6668,0.13969717514124302,0.4435028248587571,0.4092,0.0,0.13969717514124302,0.0438692569732666,0.4798826741996233,0.8198,128324680815662.0,0.41652943314134494,0.8852644664798291,1.0,1.2687178951028069,0.5625248334177975,-0.11494551177002987,0.28730174891653215,-0.13650282485875698,0.0,-0.0541954802259887
elec,time,2,5,logreg,1,4248,1416,5000,0.7937853107344632,0.6194,0.17438531073446328,0.4435028248587571,0.4076,2.220446049250313e-16,0.17438531073446306,0.02863311767578125,0.5839094161958568,0.9516,111295122318584.33,0.698554077506409,1.1419370760022038,1.0,1.6504591221304628,0.8307128152378614,-0.16274501124612661,0.37193898366354267,-0.18801468926553677,2.220446049250313e-16,-0.09900677966101695
elec,time,2,5,gbdt,1,4248,1416,5000,0.8248587570621468,0.6304,0.19445875706214688,0.4435028248587571,0.4076,1.1102230246251565e-16,0.19445875706214677,0.043712615966796875,0.5839094161958568,0.9516,111295122318584.33,0.698554077506409,1.1419370760022038,1.0,1.3423966641310805,0.6762653450687598,-0.14951002632068267,0.3943353956441277,-0.1635412429378531,1.1102230246251565e-16,-0.09900677966101695
elec,time,2,5,mlp,1,4248,1416,5000,0.806497175141243,0.6144,0.19209717514124303,0.4435028248587571,0.4076,0.0,0.19209717514124303,0.03575539588928223,0.5839094161958568,0.9516,111295122318584.33,0.698554077506409,1.1419370760022038,1.0,1.4267185572371077,0.7185657704074928,-0.14259688532445136,0.3645464194494833,-0.172702824858757,0.0,-0.0703954802259887
elec,time,2,6,logreg,1,4248,1416,5000,0.7937853107344632,0.7582,0.03558531073446325,0.4435028248587571,0.3854,2.220446049250313e-16,0.03558531073446303,0.030916213989257812,0.47382316384180795,0.7584,112648223593824.14,0.32112407847308483,0.7194946364335725,1.0,1.1061940591569526,0.4816519333906494,-0.10995572235977435,0.09981104037363159,-0.12641468926553678,2.220446049250313e-16,-0.034206779661016956
elec,time,2,6,gbdt,1,4248,1416,5000,0.8248587570621468,0.7276,0.09725875706214682,0.4435028248587571,0.3854,1.1102230246251565e-16,0.0972587570621467,0.04160189628601074,0.47382316384180795,0.7584,112648223593824.14,0.32112407847308483,0.7194946364335725,1.0,0.917105452914303,0.3992778580122442,-0.10228187499383656,0.11246444586614301,-0.11154124293785317,1.1102230246251565e-16,-0.034206779661016956
elec,time,2,6,mlp,1,4248,1416,5000,0.806497175141243,0.766,0.04049717514124296,0.4435028248587571,0.3854,0.0,0.04049717514124296,0.03890085220336914,0.47382316384180795,0.7584,112648223593824.14,0.32112407847308483,0.7194946364335725,1.0,0.9633784680805698,0.41989312367438103,-0.09173511711345117,0.13219803800233793,-0.10310282485875699,0.0,0.005204519774011304
elec,time,2,7,logreg,1,4248,1416,5000,0.7937853107344632,0.8446,-0.05081468926553678,0.4435028248587571,0.473,2.220446049250313e-16,-0.050814689265537005,0.030262470245361328,0.3726446327683616,0.733,80914537465424.36,0.11427914023249532,0.6400528011734192,1.0,0.343668781528853,0.22068412859248343,-0.0674993689353357,0.004821116178918894,-0.10761468926553674,2.220446049250313e-16,0.00019322033898304392
elec,time,2,7,gbdt,1,4248,1416,5000,0.8248587570621468,0.804,0.020858757062146793,0.4435028248587571,0.473,1.1102230246251565e-16,0.020858757062146682,0.051540374755859375,0.3726446327683616,0.733,80914537465424.36,0.11427914023249532,0.6400528011734192,1.0,0.2874379194935215,0.18418305357240178,-0.0480011233629597,0.02711721430217745,-0.0477412429378532,1.1102230246251565e-16,0.00019322033898304392
elec,time,2,7,mlp,1,4248,1416,5000,0.806497175141243,0.8382,-0.03170282485875697,0.4435028248587571,0.473,0.0,-0.03170282485875697,0.04655337333679199,0.3726446327683616,0.733,80914537465424.36,0.11427914023249532,0.6400528011734192,1.0,0.30077978249027626,0.1931759305141055,-0.0460336014372682,0.014524652613451094,-0.07010282485875707,0.0,-0.0077954802259886935
elec,time,3,4,logreg,1,4248,1416,5000,0.8072033898305084,0.691,0.11620338983050849,0.3926553672316384,0.4066,0.08874552839993521,0.02745786143057327,0.032861948013305664,0.24353898305084745,0.41288022598870056,0.5213271419192703,0.5067690787360148,0.07423871981110242,0.9600637358757063,0.5881879740709951,0.37874194601381034,-0.10098514532361902,0.20173339463145698,-0.13719661016949158,0.08874552839993521,-0.05985536723163841
elec,time,3,4,gbdt,1,4248,1416,5000,0.8481638418079096,0.6958,0.15236384180790963,0.3926553672316384,0.4066,0.06751048614883948,0.08485335565907015,0.06105971336364746,0.24353898305084745,0.41288022598870056,0.5213271419192703,0.5067690787360148,0.07423871981110242,0.9600637358757063,0.5799474528527065,0.32573530201019235,-0.047717881254071504,0.16236994321326567,-0.0752361581920904,0.06751048614883948,-0.05985536723163841
elec,time,3,4,mlp,1,4248,1416,5000,0.836864406779661,0.6906,0.14626440677966102,0.3926553672316384,0.4066,0.1330324843505616,0.01323192242909943,0.050516366958618164,0.24353898305084745,0.41288022598870056,0.5213271419192703,0.5067690787360148,0.07423871981110242,0.9600637358757063,0.5522782444777878,0.2964538161683006,-0.0662542368363902,0.186889514535603,-0.08253559322033899,0.1330324843505616,-0.046169491525423725
elec,time,3,5,logreg,1,4248,1416,5000,0.8072033898305084,0.6376,0.1696033898305085,0.3926553672316384,0.409,0.07270881260185846,0.09689457722865003,0.03675436973571777,0.3453440677966102,0.5695988700564971,0.5926373682611256,0.8721368573172278,0.13065146736653377,0.9758654661016949,0.7086376707790635,0.51203643081338,-0.08699530033705727,0.24570926498901904,-0.15259661016949155,0.07270881260185846,-0.06485536723163841
elec,time,3,5,gbdt,1,4248,1416,5000,0.8481638418079096,0.657,0.19116384180790957,0.3926553672316384,0.409,-0.00997792516045537,0.20114176696836494,0.06073284149169922,0.3453440677966102,0.5695988700564971,0.5926373682611256,0.8721368573172278,0.13065146736653377,0.9758654661016949,0.6496704783218419,0.4506867565567409,-0.051527041355225345,0.22943663905494016,-0.06923615819209039,-0.00997792516045537,-0.06485536723163841
elec,time,3,5,mlp,1,4248,1416,5000,0.836864406779661,0.6698,0.16706440677966106,0.3926553672316384,0.409,0.10400761323309193,0.06305679354656912,0.05215144157409668,0.3453440677966102,0.5695988700564971,0.5926373682611256,0.8721368573172278,0.13065146736653377,0.9758654661016949,0.6275645020354531,0.3987148294341892,-0.06572439612608016,0.2223110947606933,-0.07953559322033898,0.10400761323309193,-0.03536949152542372
elec,time,3,6,logreg,1,4248,1416,5000,0.8072033898305084,0.7132,0.09400338983050849,0.3926553672316384,0.395,-0.0562702276400171,0.1502736174705256,0.035318851470947266,0.12854350282485874,0.26927909604519773,0.33113360977135303,0.343627663219988,0.018193321322498845,0.9468003177966102,0.6200152915922762,0.22374791211550535,-0.10919722375042717,0.05075908560451503,-0.1401966101694916,-0.0562702276400171,-0.07305536723163841
elec,time,3,6,gbdt,1,4248,1416,5000,0.8481638418079096,0.706,0.14216384180790964,0.3926553672316384,0.395,0.009199256484640261,0.13296458532326938,0.06353211402893066,0.12854350282485874,0.26927909604519773,0.33113360977135303,0.343627663219988,0.018193321322498845,0.9468003177966102,0.531969828884515,0.19352073608779624,-0.05976734022213348,0.05304532241192472,-0.07763615819209035,0.009199256484640261,-0.07305536723163841
elec,time,3,6,mlp,1,4248,1416,5000,0.836864406779661,0.6922,0.14466440677966097,0.3926553672316384,0.395,0.0016303664018934017,0.14303404037776757,0.0527799129486084,0.12854350282485874,0.26927909604519773,0.33113360977135303,0.343627663219988,0.018193321322498845,0.9468003177966102,0.4132889304647257,0.15283601904656666,-0.09865608150462235,0.07339496118712818,-0.10833559322033903,0.0016303664018934017,-0.04996949152542373
elec,time,3,7,logreg,1,4248,1416,5000,0.8072033898305084,0.8108,-0.003596610169491532,0.3926553672316384,0.472,-0.06771101505037458,0.06411440488088305,0.04375720024108887,0.18813691148775893,0.32153898305084744,0.36608592894132164,0.39462145985173475,0.08231018742305019,0.9709982344632768,0.6389459228233306,0.3055067986727648,-0.06357018138460824,0.16802444578255316,-0.09399661016949157,-0.06771101505037458,-0.0024553672316384167
elec,time,3,7,gbdt,1,4248,1416,5000,0.8481638418079096,0.7766,0.07156384180790964,0.3926553672316384,0.472,-0.02495080694556162,0.09651464875347127,0.07401275634765625,0.18813691148775893,0.32153898305084744,0.36608592894132164,0.39462145985173475,0.08231018742305019,0.9709982344632768,0.5489553382023636,0.26147048549063495,-0.02497583208305576,0.16823540315374264,-0.020436158192090437,-0.02495080694556162,-0.0024553672316384167
elec,time,3,7,mlp,1,4248,1416,5000,0.836864406779661,0.7988,0.03806440677966105,0.3926553672316384,0.472,-0.04693672960912054,0.0850011363887816,0.06135368347167969,0.18813691148775893,0.32153898305084744,0.36608592894132164,0.39462145985173475,0.08231018742305019,0.9709982344632768,0.4467668452565962,0.22895301996942885,-0.03278677427257681,0.17755788580009352,-0.02733559322033896,-0.04693672960912054,0.014830508474576273
elec,time,4,5,logreg,1,4248,1416,5000,0.7471751412429378,0.7042,0.042975141242937775,0.4159604519774011,0.4024,-0.010681691101834145,0.05365683234477192,0.039443016052246094,0.19604406779661018,0.4623265536723164,0.31338850331630036,0.4152031915530802,0.107044354557296,0.9395030896892655,0.30606047028385525,0.24207919618242282,0.05117583205214171,0.023964443446418793,0.13517514124293784,-0.010681691101834145,0.15033898305084745
elec,time,4,5,gbdt,1,4248,1416,5000,0.8227401129943502,0.7176,0.10514011299435022,0.4159604519774011,0.4024,-0.03501261908966913,0.14015273208401935,0.07617902755737305,0.19604406779661018,0.4623265536723164,0.31338850331630036,0.4152031915530802,0.107044354557296,0.9395030896892655,0.28121179432914734,0.19893703307931707,0.04185155094232795,0.016953295908199884,0.06434011299435027,-0.03501261908966913,0.15033898305084745
elec,time,4,5,mlp,1,4248,1416,5000,0.777542372881356,0.71,0.067542372881356,0.4159604519774011,0.4024,0.03206330693065651,0.035479065950699495,0.05748414993286133,0.19604406779661018,0.4623265536723164,0.31338850331630036,0.4152031915530802,0.107044354557296,0.9395030896892655,0.2834669982557648,0.20592779076563408,0.06132203945468928,0.026464338700030732,0.23074237288135602,0.03206330693065651,0.14754350282485876
elec,time,4,6,logreg,1,4248,1416,5000,0.7471751412429378,0.6608,0.08637514124293777,0.4159604519774011,0.3914,0.10239132354238145,-0.016016182299443682,0.045380353927612305,0.21029152542372884,0.29105649717514126,0.391420246654738,0.3432424563106102,0.09680789925887723,0.9644980579096046,0.38729964914651593,0.24660786386282435,-0.036967088122126124,0.20806241514982537,0.003775141242937874,0.10239132354238145,0.03513898305084745
elec,time,4,6,gbdt,1,4248,1416,5000,0.8227401129943502,0.6326,0.19014011299435019,0.4159604519774011,0.3914,0.016196378634305675,0.1739437343600445,0.07575416564941406,0.21029152542372884,0.29105649717514126,0.391420246654738,0.3432424563106102,0.09680789925887723,0.9644980579096046,0.4029761802273699,0.22595608144121096,0.0334829660597622,0.13128264792546418,0.054340112994350265,0.016196378634305675,0.03513898305084745
elec,time,4,6,mlp,1,4248,1416,5000,0.777542372881356,0.6836,0.09394237288135598,0.4159604519774011,0.3914,0.1509429515404872,-0.05700057865913122,0.05808115005493164,0.21029152542372884,0.29105649717514126,0.391420246654738,0.3432424563106102,0.09680789925887723,0.9644980579096046,0.3956736732399541,0.22933826709526592,-0.01686444780378571,0.13914176084901309,-0.04145762711864398,0.1509429515404872,0.037343502824858765
elec,time,4,7,logreg,1,4248,1416,5000,0.7471751412429378,0.653,0.0941751412429378,0.4159604519774011,0.4738,0.12338188927382587,-0.029206748030888074,0.04068112373352051,0.25054745762711866,0.5580723163841808,0.24459832345162957,0.6528475301051491,0.056288044841396156,0.9648409251412429,0.5162772615266554,0.4868924217137066,-0.058541327399642906,0.3039688624439264,-0.011824858757062184,0.12338188927382587,-0.023261016949152558
elec,time,4,7,gbdt,1,4248,1416,5000,0.8227401129943502,0.6612,0.16154011299435023,0.4159604519774011,0.4738,0.06481795557944137,0.09672215741490886,0.0765380859375,0.25054745762711866,0.5580723163841808,0.24459832345162957,0.6528475301051491,0.056288044841396156,0.9648409251412429,0.3887277672871081,0.35721541725490813,-0.03049210852969153,0.2925230831483865,-0.0700598870056498,0.06481795557944137,-0.023261016949152558
elec,time,4,7,mlp,1,4248,1416,5000,0.777542372881356,0.6674,0.11014237288135598,0.4159604519774011,0.4738,0.07259853324749799,0.03754383963385799,0.06557345390319824,0.25054745762711866,0.5580723163841808,0.24459832345162957,0.6528475301051491,0.056288044841396156,0.9648409251412429,0.4209074769797184,0.3860529474316513,-0.0414731965325994,0.3038829651134973,-0.08645762711864402,0.07259853324749799,-0.03265649717514124
elec,time,5,6,logreg,1,4248,1416,5000,0.7288135593220338,0.6508,0.0780135593220338,0.4074858757062147,0.3936,-0.13401537867034707,0.21202893799238087,0.07357549667358398,0.27736666666666665,0.4022813559322034,0.7347106945830121,0.6226032512971343,0.10333503026806556,0.9651411546610169,1.1366821591087457,0.3833159834739542,-0.12892936320289583,0.24289792537305616,-0.1811864406779662,-0.13401537867034707,-0.09077514124293784
elec,time,5,6,gbdt,1,4248,1416,5000,0.8432203389830508,0.6588,0.18442033898305077,0.4074858757062147,0.3936,-0.03408434582380915,0.21850468480685992,0.1361222267150879,0.27736666666666665,0.4022813559322034,0.7347106945830121,0.6226032512971343,0.10333503026806556,0.9651411546610169,0.7904465294432069,0.2898808942878915,-0.02608846615998006,0.14626725885935815,-0.025579661016949196,-0.03408434582380915,-0.09077514124293784
elec,time,5,6,mlp,1,4248,1416,5000,0.8234463276836158,0.6568,0.16664632768361576,0.4074858757062147,0.3936,-0.0826498527844447,0.24929618046806046,0.10660338401794434,0.27736666666666665,0.4022813559322034,0.7347106945830121,0.6226032512971343,0.10333503026806556,0.9651411546610169,0.7927980679144979,0.29380848050485153,-0.0857715388656296,0.19869283390235754,-0.09835367231638414,-0.0826498527844447,-0.02588022598870056
elec,time,5,7,logreg,1,4248,1416,5000,0.7288135593220338,0.5538,0.17501355932203388,0.4074858757062147,0.4772,-0.1862209760459559,0.3612345353679898,0.06442022323608398,0.3792271186440677,0.7870237288135593,0.767454874617108,1.4799152287893584,0.2704358463491844,0.9872766596045198,1.3222738727292478,0.7100571505015062,-0.18950571156804152,0.46978831070165555,-0.2353864406779661,-0.1862209760459559,-0.17377514124293786
elec,time,5,7,gbdt,1,4248,1416,5000,0.8432203389830508,0.5852,0.25802033898305077,0.4074858757062147,0.4772,-0.1044642772187988,0.3624846162018496,0.12196016311645508,0.3792271186440677,0.7870237288135593,0.767454874617108,1.4799152287893584,0.2704358463491844,0.9872766596045198,0.8430976387225195,0.4387262621853631,-0.07749255834621771,0.4366160719032199,-0.09477966101694912,-0.1044642772187988,-0.17377514124293786
elec,time,5,7,mlp,1,4248,1416,5000,0.8234463276836158,0.569,0.25444632768361586,0.4074858757062147,0.4772,-0.08629050572940411,0.34073683341301997,0.08620500564575195,0.3792271186440677,0.7870237288135593,0.767454874617108,1.4799152287893584,0.2704358463491844,0.9872766596045198,0.8279548987908313,0.4286823778437972,-0.10723617363071658,0.42936942057747957,-0.1371536723163842,-0.08629050572940411,-0.08448022598870056
elec,time,6,7,logreg,1,4248,1416,5000,0.7492937853107344,0.82,-0.07070621468926552,0.3961864406779661,0.4724,-0.017773767523397765,-0.05293244716586776,0.039354801177978516,0.22746798493408663,0.41593559322033896,0.25095302997858093,0.5253367588949543,0.04100768309577685,0.9721860875706216,0.3302601938899424,0.3413689746680357,0.06653385103533027,0.04955747138982186,0.17409378531073438,-0.017773767523397765,5.1977401129943424e-05
elec,time,6,7,gbdt,1,4248,1416,5000,0.8192090395480226,0.7982,0.02100903954802258,0.3961864406779661,0.4724,0.04837430099733975,-0.02736526144931717,0.06445431709289551,0.22746798493408663,0.41593559322033896,0.25095302997858093,0.5253367588949543,0.04100768309577685,0.9721860875706216,0.24092501141838302,0.3021774278877396,0.03678316748253807,0.12413853154071264,-0.01739096045197741,0.04837430099733975,5.1977401129943424e-05
elec,time,6,7,mlp,1,4248,1416,5000,0.7471751412429378,0.7336,0.013575141242937794,0.3961864406779661,0.4724,0.06660871751564978,-0.05303357627271199,0.0510869026184082,0.22746798493408663,0.41593559322033896,0.25095302997858093,0.5253367588949543,0.04100768309577685,0.9721860875706216,0.312893360191785,0.2840472074158366,0.04990713181194795,0.013457712633153984,0.16457514124293782,0.06660871751564978,0.0932960451977401
